Id,Category
0,Amy Ryan
1,Aaron Judge
2,Adrien Brody
3,Adriana Barraza
4,Albert Brooks
5,Aaron Taylor-Johnson
6,Amber Heard
7,Adele
8,Ava Gardner
9,Alex Pettyfer
10,Anna Faris
11,Anthony Perkins
12,Bill Hader
13,Barabara Palvin
14,Benjamin Bratt
15,Berenice Bejo
16,Alessandra Ambrosio
17,Alan Arkin
18,Akemi Darenogare
19,Anderson Cooper
20,Ashley Graham
21,Ashley Greene
22,Benedict Cumberbatch
23,Adele
24,Ashley Greene
25,Alan Rickman
26,Andrew Garfield
27,Ben Johnson
28,Adrien Brody
29,Alex Pettyfer
30,Angela Bassett
31,Ava Gardner
32,Amy Adams
33,Al Pacino
34,Andrew Garfield
35,Andreea Diaconu
36,Andrew Garfield
37,Ashton Kutcher
38,Anna Paquin
39,Alessandra Ambrosio
40,Bill O Reilly
41,bella thorne
42,Anderson Cooper
43,Anne Baxter
44,Betty White
45,Amy Ryan
46,Barbra Streisand
47,Adriana Barraza
48,Alan Arkin
49,Alessandra Ambrosio
50,Aaron Paul
51,Ava Gardner
52,Benjamin Bratt
53,Bella Hadid
54,Anna Faris
55,Alice Eve
56,Adele
57,Andrew Lincoln
58,Bill O Reilly
59,Alec Baldwin
60,Anderson Cooper
61,Armin Mueller-Stahl
62,Audrey Tautou
63,Anna Sui
64,Andy Garcia
65,Aaron Judge
66,Andreea Diaconu
67,Barbra Streisand
68,Alexandra Daddario
69,Andy Serkis
70,Albert Brooks
71,Aaron Taylor-Johnson
72,Analeigh Tipton
73,Adele
74,Anthony Perkins
75,Audrey Hepburn
76,Anne Hathaway
77,Alessandra Ambrosio
78,Al Roker
79,Aaron Judge
80,Al Pacino
81,Andreea Diaconu
82,Abigail Breslin
83,Anna Kendrick
84,Arnold Schwarzenegger
85,Anjelica Huston
86,Adriana Lima
87,Angelina Jolie
88,Arnold Schwarzenegger
89,Anthony Mackie
90,Abigail Breslin
91,Benicio Del Toro
92,Amanda Seyfried
93,Ben Johnson
94,Alicia Vikander
95,Alx James
96,Amanda Crew
97,Ben Kingsley
98,Bill O Reilly
99,Amber Heard
100,Adriana Lima
101,Andrew Lincoln
102,Ashley Judd
103,Bill O Reilly
104,Ben Foster
105,Andrew Garfield
106,Anna Paquin
107,Barabara Palvin
108,Ashley Judd
109,Akemi Darenogare
110,Bella Hadid
111,Amy Schumer
112,Ben Johnson
113,Aaron Judge
114,Bernie Mac
115,Andrew Garfield
116,Bill Rancic
117,Aaron Paul
118,Anna Friel
119,Alexander Skarsgard
120,Anne Hathaway
121,Audrey Tautou
122,Aaron Paul
123,Alx James
124,Anthony Hopkins
125,Beyonce Knowles
126,Andrew Luck
127,Alice Eve
128,Berenice Bejo
129,Bill Paxton
130,Barbra Streisand
131,Anne Hathaway
132,Anna Faris
133,Andy Garcia
134,Arnold Schwarzenegger
135,Adriana Barraza
136,Anne Hathaway
137,Albert Finney
138,Analeigh Tipton
139,Bella Hadid
140,Adele
141,Amber Heard
142,Annette Bening
143,AnnaSophia Robb
144,Alec Baldwin
145,bella thorne
146,Billy Bob Thornton
147,Adriana Barraza
148,Amanda Crew
149,Aaron Paul
150,Albert Finney
151,Andreea Diaconu
152,Billy Bob Thornton
153,Aaron Taylor-Johnson
154,Ben Johnson
155,Berenice Bejo
156,Audrey Hepburn
157,Bette Midler
158,Benicio Del Toro
159,Anna Friel
160,Anna Paquin
161,Albert Finney
162,Anna Faris
163,Alex Pettyfer
164,Akemi Darenogare
165,Amy Schumer
166,Anna Sui
167,Andrew Garfield
168,Aaron Judge
169,Adrianne Palicki
170,Amanda Bynes
171,Adriana Barraza
172,Amanda Crew
173,Albert Finney
174,Beyonce Knowles
175,Anne Baxter
176,AnnaSophia Robb
177,Amanda Seyfried
178,Benedict Cumberbatch
179,Barbra Streisand
180,Albert Brooks
181,Berenice Bejo
182,Andrew Lincoln
183,Analeigh Tipton
184,Alexandra Daddario
185,Alexander Skarsgard
186,Anthony Hopkins
187,bella thorne
188,Annette Bening
189,Andrew Garfield
190,Berenice Bejo
191,Amanda Crew
192,Anjelica Huston
193,Anne Bancroft
194,Anna Friel
195,Alexis Thorpe
196,Anna Faris
197,Andy Serkis
198,Ben Johnson
199,Art Carney
200,Ashley Greene
201,Bill Daley
202,Antonio Banderas
203,Alessandra Ambrosio
204,Ben Johnson
205,Adrianne Palicki
206,Bill Rancic
207,Anne Hathaway
208,Betty White
209,Amber Heard
210,Adele
211,Billy Bob Thornton
212,Amanda Peet
213,Amanda Bynes
214,Aaron Paul
215,Ben Kingsley
216,Amy Adams
217,Akemi Darenogare
218,Ben Stiller
219,Bill Pullman
220,Anna Faris
221,Abigail Breslin
222,Anne Baxter
223,Adele
224,Angelina Jolie
225,Benedict Cumberbatch
226,Anna Kendrick
227,Anna Kendrick
228,Anna Sui
229,Anna Paquin
230,Alx James
231,Antonio Banderas
232,Amy Schumer
233,Ben Affleck
234,Ava Gardner
235,Ashley Greene
236,Adrianne Palicki
237,Adriana Lima
238,Aaron Taylor-Johnson
239,bella thorne
240,Aaron Taylor-Johnson
241,Anthony Hopkins
242,Anna Kendrick
243,Billy Bob Thornton
244,Ben Kingsley
245,Alexandra Daddario
246,Bill Murray
247,Aaron Taylor-Johnson
248,Andrew Luck
249,Benicio Del Toro
250,Angela Bassett
251,Arnold Schwarzenegger
252,Amanda Bynes
253,Angelina Jolie
254,Ashton Kutcher
255,Andrew Lincoln
256,Ashton Kutcher
257,Ashley Graham
258,Andreea Diaconu
259,Anna Kendrick
260,Alexandra Daddario
261,Ashley Judd
262,Amber Heard
263,Ava Gardner
264,Beyonce Knowles
265,Alicia Vikander
266,Barabara Palvin
267,Bill O Reilly
268,Amy Adams
269,Benedict Cumberbatch
270,Anna Paquin
271,Amber Heard
272,Beyonce Knowles
273,Anna Sui
274,Alice Eve
275,Benicio Del Toro
276,Andrew Garfield
277,Beyonce Knowles
278,Barabara Palvin
279,Anne Bancroft
280,Adriana Lima
281,Amber Heard
282,Amy Adams
283,Barry Pepper
284,Ben Johnson
285,Anderson Cooper
286,Andrew Lincoln
287,Anna Sui
288,Anne Baxter
289,Alex Pettyfer
290,Alexander Skarsgard
291,Bill Hader
292,bella thorne
293,Bill Daley
294,bella thorne
295,Andy Serkis
296,Amy Schumer
297,Andy Serkis
298,Alex Pettyfer
299,Andrew Lincoln
300,Albert Finney
301,Bill Pullman
302,Amanda Seyfried
303,Antonio Banderas
304,Amy Adams
305,Al Roker
306,Analeigh Tipton
307,Ben Johnson
308,Anna Faris
309,Anna Kendrick
310,Aaron Judge
311,Andy Garcia
312,Aaron Paul
313,Alx James
314,Bill Pullman
315,Arnold Schwarzenegger
316,Angelina Jolie
317,Anna Sui
318,Amy Ryan
319,Ashton Kutcher
320,Aaron Judge
321,Alicia Vikander
322,Adrien Brody
323,Amy Ryan
324,Ben Stiller
325,Adele
326,Bette Midler
327,Barry Pepper
328,Bill Hader
329,Ava Gardner
330,Andreea Diaconu
331,Alexis Thorpe
332,Al Roker
333,Armin Mueller-Stahl
334,Anna Friel
335,Anthony Perkins
336,Audrey Tautou
337,Alan Rickman
338,Ben Stiller
339,Alexander Skarsgard
340,Andrew Lincoln
341,Adrianne Palicki
342,Alx James
343,Bill Murray
344,Andy Serkis
345,Angelina Jolie
346,Amy Schumer
347,Ben Affleck
348,Anderson Cooper
349,Benjamin Bratt
350,Abigail Breslin
351,Andrew Luck
352,Ashley Judd
353,Bill Rancic
354,Benjamin Bratt
355,Andrew Garfield
356,Barabara Palvin
357,Analeigh Tipton
358,Anne Baxter
359,Amanda Peet
360,Abigail Breslin
361,Amy Adams
362,Bette Midler
363,Amy Schumer
364,Angelina Jolie
365,Antonio Banderas
366,Adam Sandler
367,Angela Bassett
368,Abigail Breslin
369,Albert Brooks
370,Berenice Bejo
371,Andrew Garfield
372,Ben Kingsley
373,Ben Affleck
374,Art Carney
375,Albert Brooks
376,Amanda Bynes
377,Ashley Graham
378,Andy Garcia
379,Andrew Lincoln
380,Audrey Tautou
381,Ashley Graham
382,Alex Pettyfer
383,Adriana Lima
384,Andy Garcia
385,Arnold Schwarzenegger
386,Adrien Brody
387,Amy Ryan
388,Ben Johnson
389,Anna Paquin
390,Alan Arkin
391,Albert Finney
392,Anthony Perkins
393,Bette Midler
394,Albert Finney
395,Andrew Garfield
396,Alan Arkin
397,Art Carney
398,Adam Sandler
399,AnnaSophia Robb
400,Anthony Mackie
401,Bella Hadid
402,Alan Alda
403,Ben Kingsley
404,Ben Kingsley
405,Anthony Perkins
406,Alexis Thorpe
407,Adam Sandler
408,Alan Rickman
409,Adriana Lima
410,Audrey Tautou
411,Anna Sui
412,Adrien Brody
413,Alex Pettyfer
414,Ben Johnson
415,Adele
416,Ben Kingsley
417,Ben Stiller
418,Alan Alda
419,Bernie Mac
420,Alexandra Daddario
421,Al Pacino
422,Andy Garcia
423,Alx James
424,Ashton Kutcher
425,Berenice Bejo
426,Andy Samberg
427,Bill Hader
428,Andreea Diaconu
429,Anna Paquin
430,Bernie Mac
431,Ben Kingsley
432,Aaron Judge
433,Albert Finney
434,Adriana Barraza
435,Alan Alda
436,Alan Rickman
437,Bill Pullman
438,Anderson Cooper
439,Ben Kingsley
440,Amy Ryan
441,Alice Eve
442,Alexandra Daddario
443,Alice Eve
444,Ben Affleck
445,Benjamin Bratt
446,Art Carney
447,Anjelica Huston
448,Annette Bening
449,Amy Ryan
450,Angela Bassett
451,Art Carney
452,Antonio Banderas
453,Alicia Vikander
454,Angela Bassett
455,Alexander Skarsgard
456,Alexis Thorpe
457,Alec Baldwin
458,Alex Pettyfer
459,Adrien Brody
460,AnnaSophia Robb
461,Bill Daley
462,bella thorne
463,Antonio Banderas
464,Amanda Crew
465,Andy Garcia
466,Aaron Judge
467,Amanda Seyfried
468,Alan Arkin
469,Ben Affleck
470,Antonio Banderas
471,Anna Kendrick
472,Andy Murray
473,Aaron Taylor-Johnson
474,Amy Adams
475,Amy Ryan
476,Ali Larter
477,Alan Alda
478,Antonio Banderas
479,Bill O Reilly
480,Benedict Cumberbatch
481,Andy Garcia
482,Anjelica Huston
483,Andy Garcia
484,Amy Ryan
485,Abigail Breslin
486,Alan Rickman
487,Annette Bening
488,Ava Gardner
489,Alec Baldwin
490,Berenice Bejo
491,Ali Larter
492,Arnold Schwarzenegger
493,Alice Eve
494,Adam Sandler
495,Bella Hadid
496,Benicio Del Toro
497,Alexander Skarsgard
498,Albert Finney
499,Abigail Breslin
500,Alec Baldwin
501,Anderson Cooper
502,Andy Serkis
503,Andy Garcia
504,Barbra Streisand
505,Alan Arkin
506,Andrew Garfield
507,Anna Sui
508,Benjamin Bratt
509,bella thorne
510,Antonio Banderas
511,Ava Gardner
512,Ava Gardner
513,Ben Affleck
514,Ava Gardner
515,Ben Johnson
516,Alessandra Ambrosio
517,Anjelica Huston
518,Albert Finney
519,Ben Kingsley
520,Barabara Palvin
521,Adriana Barraza
522,Anderson Cooper
523,Bill Hader
524,Ben Kingsley
525,Bill Daley
526,Audrey Hepburn
527,Bill Murray
528,Albert Finney
529,Adam Sandler
530,Andrew Garfield
531,Anjelica Huston
532,Abigail Breslin
533,Ashley Graham
534,Ben Kingsley
535,Alan Alda
536,Ben Foster
537,Adele
538,Anne Bancroft
539,Bernie Mac
540,Andy Murray
541,Akemi Darenogare
542,Anderson Cooper
543,Adriana Barraza
544,Ben Kingsley
545,Alx James
546,Alicia Vikander
547,Barbra Streisand
548,Art Carney
549,Anderson Cooper
550,Bill Rancic
551,Adrianne Palicki
552,Benedict Cumberbatch
553,Andy Garcia
554,Amanda Bynes
555,Anna Kendrick
556,Andy Garcia
557,Alexander Skarsgard
558,Andrew Garfield
559,Bill Hader
560,Audrey Hepburn
561,Benedict Cumberbatch
562,Anthony Hopkins
563,Akemi Darenogare
564,Bill Paxton
565,Benjamin Bratt
566,Anna Paquin
567,Andy Garcia
568,Alex Pettyfer
569,Ben Stiller
570,Alex Pettyfer
571,Albert Finney
572,Anna Friel
573,Angelina Jolie
574,Bella Hadid
575,Andy Serkis
576,Amy Ryan
577,Berenice Bejo
578,Bill O Reilly
579,Bette Midler
580,Bette Midler
581,Andy Samberg
582,Andie MacDowell
583,Alicia Vikander
584,Anderson Cooper
585,Anna Sui
586,Andy Garcia
587,Amy Adams
588,Anne Bancroft
589,Alec Baldwin
590,Al Roker
591,Bella Hadid
592,Bill Paxton
593,Ben Affleck
594,Ashton Kutcher
595,bella thorne
596,Art Carney
597,Anna Faris
598,Adrien Brody
599,Amanda Seyfried
600,Andrew Garfield
601,Alan Alda
602,Anne Baxter
603,Anna Friel
604,Bette Midler
605,Anna Paquin
606,Amber Heard
607,Arnold Schwarzenegger
608,Arnold Schwarzenegger
609,Andreea Diaconu
610,Aaron Paul
611,Adele
612,Ben Johnson
613,Beyonce Knowles
614,Anthony Perkins
615,Amber Heard
616,Analeigh Tipton
617,Berenice Bejo
618,Betty White
619,Art Carney
620,Anna Sui
621,Amy Ryan
622,Anna Kendrick
623,Bill Rancic
624,Albert Brooks
625,Ashley Judd
626,Adrianne Palicki
627,Alan Alda
628,Anthony Mackie
629,Ashley Greene
630,Annette Bening
631,Albert Brooks
632,Anthony Mackie
633,Andrew Luck
634,Adriana Lima
635,Adele
636,Alex Pettyfer
637,Audrey Tautou
638,Ashley Greene
639,Albert Finney
640,Adrien Brody
641,Armin Mueller-Stahl
642,Antonio Banderas
643,Andy Samberg
644,Amy Adams
645,Bill Paxton
646,Barabara Palvin
647,Andrew Garfield
648,Alice Eve
649,Ben Johnson
650,Ashley Judd
651,Bill Pullman
652,Ali Larter
653,Analeigh Tipton
654,Amy Adams
655,Alexander Skarsgard
656,Bill Rancic
657,Antonio Banderas
658,Adriana Barraza
659,Akemi Darenogare
660,Amanda Seyfried
661,Anne Bancroft
662,Adriana Barraza
663,Audrey Hepburn
664,Barbra Streisand
665,Andy Garcia
666,Bill Murray
667,Anne Baxter
668,Benedict Cumberbatch
669,Andrew Garfield
670,Anderson Cooper
671,Alexander Skarsgard
672,Anna Sui
673,Alice Eve
674,Bill O Reilly
675,Beyonce Knowles
676,Anthony Hopkins
677,Amanda Bynes
678,Benedict Cumberbatch
679,Amy Ryan
680,Amy Schumer
681,Adrianne Palicki
682,Ali Larter
683,Barbra Streisand
684,Ben Johnson
685,Alan Arkin
686,Bill Murray
687,Angela Bassett
688,Barbra Streisand
689,Beyonce Knowles
690,Abigail Breslin
691,Bill Paxton
692,Andy Garcia
693,Andy Samberg
694,Andy Samberg
695,Anna Faris
696,Bella Hadid
697,Andrew Garfield
698,Alx James
699,AnnaSophia Robb
700,Barbra Streisand
701,Albert Brooks
702,Berenice Bejo
703,Audrey Tautou
704,Andy Samberg
705,Alexis Thorpe
706,Armin Mueller-Stahl
707,Betty White
708,Aaron Paul
709,Alx James
710,Alx James
711,Andie MacDowell
712,Bill Pullman
713,Anne Baxter
714,Albert Brooks
715,Alan Arkin
716,Annette Bening
717,Anne Bancroft
718,Anthony Hopkins
719,Ben Stiller
720,Andrew Garfield
721,Aaron Paul
722,Andy Serkis
723,Abigail Breslin
724,Aaron Paul
725,Arnold Schwarzenegger
726,Anna Sui
727,Amanda Crew
728,Adele
729,Benicio Del Toro
730,Ben Affleck
731,Analeigh Tipton
732,Audrey Hepburn
733,Adriana Lima
734,Anne Hathaway
735,Alx James
736,Anna Paquin
737,Ava Gardner
738,Bill Rancic
739,Alex Pettyfer
740,Barbra Streisand
741,Bernie Mac
742,Art Carney
743,Amber Heard
744,Alicia Vikander
745,Ashley Greene
746,Annette Bening
747,Amy Ryan
748,Akemi Darenogare
749,Bella Hadid
750,Akemi Darenogare
751,Anna Kendrick
752,Benedict Cumberbatch
753,Annette Bening
754,Antonio Banderas
755,Ben Foster
756,Anthony Hopkins
757,Billy Bob Thornton
758,Ben Affleck
759,Barry Pepper
760,Bill Pullman
761,Ben Johnson
762,Andy Serkis
763,Alexandra Daddario
764,Anna Friel
765,Anthony Perkins
766,Amanda Bynes
767,Art Carney
768,Amy Ryan
769,Bill Paxton
770,AnnaSophia Robb
771,Ashley Greene
772,Ashley Greene
773,Benjamin Bratt
774,Bella Hadid
775,Annette Bening
776,Alex Pettyfer
777,Alessandra Ambrosio
778,Ben Kingsley
779,Ashley Graham
780,Andreea Diaconu
781,Andy Serkis
782,Ava Gardner
783,Bill Paxton
784,Amanda Peet
785,Bill Rancic
786,AnnaSophia Robb
787,bella thorne
788,Bill Daley
789,Alexander Skarsgard
790,Bill Murray
791,Armin Mueller-Stahl
792,Audrey Hepburn
793,Andie MacDowell
794,Ava Gardner
795,Amanda Bynes
796,Amy Ryan
797,Ben Affleck
798,Betty White
799,Betty White
800,Anna Kendrick
801,Anjelica Huston
802,Analeigh Tipton
803,Aaron Judge
804,Barabara Palvin
805,Amy Adams
806,Angela Bassett
807,Al Pacino
808,Anne Hathaway
809,Art Carney
810,Adrianne Palicki
811,bella thorne
812,Ben Affleck
813,Angelina Jolie
814,Anthony Perkins
815,Andy Garcia
816,Aaron Paul
817,Alx James
818,Barry Pepper
819,AnnaSophia Robb
820,Adrianne Palicki
821,Amanda Seyfried
822,Anna Friel
823,Andrew Lincoln
824,Adrien Brody
825,Amy Schumer
826,Audrey Hepburn
827,Anne Baxter
828,Bette Midler
829,Ben Johnson
830,Andreea Diaconu
831,Alex Pettyfer
832,Andy Murray
833,Ben Kingsley
834,Amanda Bynes
835,Andy Murray
836,Alex Pettyfer
837,Abigail Breslin
838,Anne Baxter
839,Benjamin Bratt
840,Betty White
841,Alessandra Ambrosio
842,Bill Daley
843,Ava Gardner
844,Andy Garcia
845,bella thorne
846,Andy Serkis
847,Barbra Streisand
848,Aaron Paul
849,Bella Hadid
850,Benicio Del Toro
851,Art Carney
852,Alicia Vikander
853,Angelina Jolie
854,Adam Sandler
855,Andy Serkis
856,Beyonce Knowles
857,Barabara Palvin
858,Ali Larter
859,Bill O Reilly
860,Anne Baxter
861,Alex Pettyfer
862,Benicio Del Toro
863,Andy Garcia
864,Amy Schumer
865,Ben Stiller
866,Anna Kendrick
867,Anne Hathaway
868,Antonio Banderas
869,Bill Daley
870,Anjelica Huston
871,Ashley Judd
872,Albert Finney
873,Anna Kendrick
874,Bernie Mac
875,Ben Johnson
876,Alx James
877,Amy Ryan
878,Amy Schumer
879,Andrew Garfield
880,Ava Gardner
881,Barbra Streisand
882,Barry Pepper
883,Alan Alda
884,Anna Faris
885,Ashley Greene
886,Anna Kendrick
887,Annette Bening
888,Benedict Cumberbatch
889,Ben Affleck
890,Alessandra Ambrosio
891,Andreea Diaconu
892,Alessandra Ambrosio
893,Barry Pepper
894,Berenice Bejo
895,Betty White
896,Andreea Diaconu
897,Adele
898,Ava Gardner
899,Ashley Graham
900,Anna Sui
901,Ashley Judd
902,Amy Ryan
903,Bernie Mac
904,Bill Pullman
905,Anna Kendrick
906,Bella Hadid
907,Anne Baxter
908,Alx James
909,Andrew Luck
910,Alan Arkin
911,Andy Samberg
912,Anthony Hopkins
913,Anna Faris
914,Audrey Tautou
915,Anna Paquin
916,Alexander Skarsgard
917,Ashley Judd
918,Alan Rickman
919,Amy Adams
920,Benicio Del Toro
921,Angelina Jolie
922,Anne Baxter
923,Adele
924,Art Carney
925,Alexis Thorpe
926,Anjelica Huston
927,Anna Sui
928,Al Roker
929,Alan Arkin
930,Angela Bassett
931,Amy Schumer
932,Ali Larter
933,Aaron Judge
934,Anne Hathaway
935,Andie MacDowell
936,Bill Rancic
937,Bill O Reilly
938,Amanda Peet
939,Anthony Hopkins
940,Ashley Greene
941,Bill O Reilly
942,Akemi Darenogare
943,Alice Eve
944,Bill O Reilly
945,Ben Foster
946,Ashley Judd
947,Armin Mueller-Stahl
948,Adriana Barraza
949,Adriana Barraza
950,Audrey Hepburn
951,Alexandra Daddario
952,Ben Stiller
953,Al Pacino
954,Andy Samberg
955,Alex Pettyfer
956,Akemi Darenogare
957,Amy Ryan
958,bella thorne
959,Barry Pepper
960,Aaron Taylor-Johnson
961,Aaron Paul
962,Amber Heard
963,Bill Murray
964,Amanda Seyfried
965,Ashley Judd
966,Amanda Seyfried
967,Albert Finney
968,Alx James
969,Benjamin Bratt
970,Amy Schumer
971,Al Pacino
972,Amanda Peet
973,Anne Baxter
974,Adriana Barraza
975,Amanda Bynes
976,Alessandra Ambrosio
977,Audrey Tautou
978,Ashley Greene
979,Anna Friel
980,Anthony Hopkins
981,Alan Alda
982,Andrew Luck
983,Anna Friel
984,Ben Foster
985,Analeigh Tipton
986,Alx James
987,Anthony Mackie
988,Abigail Breslin
989,Al Pacino
990,Barabara Palvin
991,Anne Bancroft
992,Ashley Judd
993,Alexis Thorpe
994,Bill O Reilly
995,Alicia Vikander
996,Anna Faris
997,Alx James
998,Ben Affleck
999,Analeigh Tipton
1000,Anne Hathaway
1001,Benjamin Bratt
1002,Annette Bening
1003,Benjamin Bratt
1004,Barbra Streisand
1005,Anthony Perkins
1006,Anna Faris
1007,Amy Schumer
1008,Bill Hader
1009,Anna Kendrick
1010,Alan Alda
1011,Alessandra Ambrosio
1012,Adrianne Palicki
1013,Anne Bancroft
1014,Berenice Bejo
1015,Berenice Bejo
1016,Ashton Kutcher
1017,Akemi Darenogare
1018,Bill O Reilly
1019,Adriana Lima
1020,Alessandra Ambrosio
1021,Benicio Del Toro
1022,Anderson Cooper
1023,Anthony Mackie
1024,Al Pacino
1025,Audrey Tautou
1026,Aaron Judge
1027,Al Pacino
1028,Betty White
1029,Bill Rancic
1030,Abigail Breslin
1031,Angelina Jolie
1032,Adriana Lima
1033,Ben Affleck
1034,Anne Hathaway
1035,Amanda Crew
1036,Anna Sui
1037,Analeigh Tipton
1038,Andy Murray
1039,Anjelica Huston
1040,Andy Samberg
1041,Amy Adams
1042,Albert Brooks
1043,Andie MacDowell
1044,Alec Baldwin
1045,Anne Hathaway
1046,Anna Kendrick
1047,Anne Hathaway
1048,Bette Midler
1049,Amanda Peet
1050,Adriana Lima
1051,Angelina Jolie
1052,Amanda Seyfried
1053,Beyonce Knowles
1054,Amanda Peet
1055,Al Pacino
1056,Ben Stiller
1057,Ashton Kutcher
1058,Alicia Vikander
1059,Amy Schumer
1060,Aaron Paul
1061,Betty White
1062,Bill Pullman
1063,Benjamin Bratt
1064,Ali Larter
1065,Andy Garcia
1066,Benicio Del Toro
1067,Bette Midler
1068,Aaron Paul
1069,Anne Bancroft
1070,Ava Gardner
1071,Adrianne Palicki
1072,Arnold Schwarzenegger
1073,Ashley Graham
1074,Aaron Taylor-Johnson
1075,Akemi Darenogare
1076,Alexandra Daddario
1077,Alessandra Ambrosio
1078,Arnold Schwarzenegger
1079,Ashton Kutcher
1080,Alexandra Daddario
1081,Ashley Graham
1082,Amanda Crew
1083,Alan Rickman
1084,Ashley Judd
1085,Amy Ryan
1086,Amanda Seyfried
1087,Alexis Thorpe
1088,Abigail Breslin
1089,Adriana Barraza
1090,Bill Pullman
1091,Arnold Schwarzenegger
1092,Barbra Streisand
1093,Amy Schumer
1094,Barabara Palvin
1095,Anthony Perkins
1096,Aaron Paul
1097,Andy Serkis
1098,Anne Bancroft
1099,Alec Baldwin
1100,Billy Bob Thornton
1101,Betty White
1102,Billy Bob Thornton
1103,Andy Murray
1104,Bill Pullman
1105,bella thorne
1106,Alan Arkin
1107,Ashton Kutcher
1108,Andie MacDowell
1109,Aaron Taylor-Johnson
1110,Akemi Darenogare
1111,Benicio Del Toro
1112,Andrew Garfield
1113,Anna Paquin
1114,Andy Garcia
1115,Bill Murray
1116,Anne Baxter
1117,Amy Adams
1118,Bernie Mac
1119,Alicia Vikander
1120,Anne Baxter
1121,Anne Baxter
1122,Amanda Peet
1123,Alessandra Ambrosio
1124,Ben Foster
1125,Anne Hathaway
1126,Anne Baxter
1127,Amanda Bynes
1128,Al Roker
1129,Adam Sandler
1130,Akemi Darenogare
1131,Bill Daley
1132,Andy Serkis
1133,Amanda Peet
1134,Anne Hathaway
1135,Adele
1136,Billy Bob Thornton
1137,Anne Baxter
1138,Ben Foster
1139,Amanda Bynes
1140,Anna Kendrick
1141,Arnold Schwarzenegger
1142,Anthony Perkins
1143,Analeigh Tipton
1144,Billy Bob Thornton
1145,Ashley Greene
1146,Ashley Greene
1147,Alexandra Daddario
1148,Amy Ryan
1149,Arnold Schwarzenegger
1150,Amy Adams
1151,Ava Gardner
1152,Alice Eve
1153,Audrey Hepburn
1154,Armin Mueller-Stahl
1155,Alan Rickman
1156,Andy Samberg
1157,Ben Johnson
1158,Anne Hathaway
1159,Bernie Mac
1160,Alexander Skarsgard
1161,Bette Midler
1162,Bernie Mac
1163,Andy Samberg
1164,Andreea Diaconu
1165,Adriana Barraza
1166,Adriana Barraza
1167,Amy Adams
1168,Andy Samberg
1169,Ashley Greene
1170,Amy Ryan
1171,Ben Kingsley
1172,Anne Baxter
1173,Anjelica Huston
1174,Barry Pepper
1175,Anna Sui
1176,Anna Sui
1177,Billy Bob Thornton
1178,Anne Baxter
1179,Audrey Tautou
1180,Adriana Lima
1181,Alan Arkin
1182,Al Roker
1183,Ben Kingsley
1184,Bella Hadid
1185,Ben Johnson
1186,Bill Pullman
1187,Aaron Judge
1188,Amanda Peet
1189,Anne Hathaway
1190,Alicia Vikander
1191,Billy Bob Thornton
1192,Billy Bob Thornton
1193,Andy Samberg
1194,Amber Heard
1195,Bette Midler
1196,Analeigh Tipton
1197,Andy Garcia
1198,Anna Sui
1199,Albert Brooks
1200,Anna Sui
1201,Anna Faris
1202,Alan Rickman
1203,Andreea Diaconu
1204,Barbra Streisand
1205,Ben Affleck
1206,Alexandra Daddario
1207,Bill Pullman
1208,Amy Schumer
1209,Bill O Reilly
1210,Alex Pettyfer
1211,Ben Stiller
1212,Ben Foster
1213,Aaron Paul
1214,Anne Baxter
1215,Ashley Graham
1216,Bill O Reilly
1217,Amy Schumer
1218,Ava Gardner
1219,Amber Heard
1220,Angelina Jolie
1221,Amanda Crew
1222,Andy Serkis
1223,Anna Friel
1224,Barbra Streisand
1225,Bette Midler
1226,Amanda Crew
1227,Barbra Streisand
1228,Anthony Perkins
1229,Barry Pepper
1230,Bill Rancic
1231,Bill Murray
1232,Abigail Breslin
1233,Anne Bancroft
1234,Ashley Graham
1235,Aaron Paul
1236,Amy Schumer
1237,Amanda Crew
1238,Annette Bening
1239,Andie MacDowell
1240,Bill O Reilly
1241,Benicio Del Toro
1242,Audrey Tautou
1243,Alx James
1244,Bill Murray
1245,Bill Hader
1246,AnnaSophia Robb
1247,Anderson Cooper
1248,Anjelica Huston
1249,Albert Brooks
1250,Barry Pepper
1251,Audrey Tautou
1252,Barbra Streisand
1253,Amy Ryan
1254,Amanda Peet
1255,Amanda Crew
1256,Andrew Garfield
1257,Angelina Jolie
1258,Amy Ryan
1259,Angela Bassett
1260,Bernie Mac
1261,Andy Garcia
1262,Barry Pepper
1263,Anna Paquin
1264,Anthony Mackie
1265,Anna Faris
1266,Anne Hathaway
1267,Ashton Kutcher
1268,Andreea Diaconu
1269,Betty White
1270,Amy Schumer
1271,Andy Garcia
1272,Art Carney
1273,Alessandra Ambrosio
1274,Aaron Taylor-Johnson
1275,Bette Midler
1276,Amy Schumer
1277,Alec Baldwin
1278,Anna Sui
1279,Adam Sandler
1280,Adriana Barraza
1281,Anne Hathaway
1282,Analeigh Tipton
1283,Bill Murray
1284,Ashley Graham
1285,Alx James
1286,Amy Adams
1287,Berenice Bejo
1288,Audrey Hepburn
1289,Ashton Kutcher
1290,Alan Arkin
1291,Billy Bob Thornton
1292,Arnold Schwarzenegger
1293,Bella Hadid
1294,Bill Daley
1295,Adrien Brody
1296,Ashley Graham
1297,Armin Mueller-Stahl
1298,Andrew Lincoln
1299,Bette Midler
1300,Angelina Jolie
1301,Benedict Cumberbatch
1302,Angelina Jolie
1303,Albert Finney
1304,Anne Baxter
1305,Adele
1306,Barry Pepper
1307,Bill Rancic
1308,Anna Faris
1309,Barabara Palvin
1310,Amanda Bynes
1311,Bill Hader
1312,Adriana Lima
1313,Andy Garcia
1314,Aaron Paul
1315,Bette Midler
1316,Ben Kingsley
1317,Anna Paquin
1318,Albert Finney
1319,Audrey Tautou
1320,Barabara Palvin
1321,Akemi Darenogare
1322,Barbra Streisand
1323,Bill Murray
1324,Bill O Reilly
1325,Ava Gardner
1326,Anna Sui
1327,bella thorne
1328,Andy Murray
1329,Anne Bancroft
1330,Andy Murray
1331,Amy Adams
1332,Aaron Taylor-Johnson
1333,Anthony Perkins
1334,Ben Foster
1335,Alan Arkin
1336,Anna Faris
1337,AnnaSophia Robb
1338,AnnaSophia Robb
1339,Anna Friel
1340,Berenice Bejo
1341,Alexandra Daddario
1342,Aaron Taylor-Johnson
1343,Bill Rancic
1344,Anna Kendrick
1345,Andy Serkis
1346,Betty White
1347,Andy Garcia
1348,Ben Stiller
1349,Abigail Breslin
1350,Bill Hader
1351,Anna Sui
1352,Betty White
1353,Benicio Del Toro
1354,Alexander Skarsgard
1355,Anthony Perkins
1356,Bill O Reilly
1357,Amanda Peet
1358,Alessandra Ambrosio
1359,Betty White
1360,Annette Bening
1361,Arnold Schwarzenegger
1362,Albert Brooks
1363,Adrianne Palicki
1364,Al Roker
1365,Ashley Greene
1366,Amanda Peet
1367,Ashley Graham
1368,Audrey Tautou
1369,Adriana Barraza
1370,Anna Kendrick
1371,Angelina Jolie
1372,Anjelica Huston
1373,Annette Bening
1374,Aaron Judge
1375,Angelina Jolie
1376,Ben Johnson
1377,Al Pacino
1378,Alice Eve
1379,Anne Baxter
1380,Ben Foster
1381,Andy Garcia
1382,Bill Murray
1383,Anna Faris
1384,Amber Heard
1385,Barabara Palvin
1386,Amber Heard
1387,Andie MacDowell
1388,Angelina Jolie
1389,Anderson Cooper
1390,Ben Johnson
1391,Adrien Brody
1392,Ben Foster
1393,Bill Paxton
1394,Abigail Breslin
1395,Amanda Peet
1396,Amy Ryan
1397,Anne Baxter
1398,Bill Rancic
1399,Ben Foster
1400,Betty White
1401,Ashley Graham
1402,Ava Gardner
1403,Albert Brooks
1404,Alice Eve
1405,Amanda Bynes
1406,Arnold Schwarzenegger
1407,Aaron Taylor-Johnson
1408,Bill Murray
1409,Bette Midler
1410,Barry Pepper
1411,Bill Pullman
1412,Andrew Garfield
1413,Anthony Hopkins
1414,Amanda Bynes
1415,Adrianne Palicki
1416,Bella Hadid
1417,Andy Serkis
1418,Adrien Brody
1419,Benedict Cumberbatch
1420,Adam Sandler
1421,Alan Arkin
1422,Anne Baxter
1423,Ben Stiller
1424,Amanda Peet
1425,Ben Affleck
1426,Andie MacDowell
1427,Angelina Jolie
1428,Ben Stiller
1429,Anjelica Huston
1430,Analeigh Tipton
1431,Anthony Hopkins
1432,Anna Friel
1433,Alicia Vikander
1434,Andy Samberg
1435,Antonio Banderas
1436,Benjamin Bratt
1437,Bella Hadid
1438,Andrew Garfield
1439,Bill Hader
1440,Benjamin Bratt
1441,Alice Eve
1442,Benicio Del Toro
1443,Ben Stiller
1444,Bill Pullman
1445,Bette Midler
1446,Amanda Bynes
1447,Adriana Lima
1448,Andy Garcia
1449,Alex Pettyfer
1450,Amy Schumer
1451,Arnold Schwarzenegger
1452,Andreea Diaconu
1453,Adrianne Palicki
1454,Andy Serkis
1455,Alex Pettyfer
1456,Alexis Thorpe
1457,Anna Paquin
1458,Andrew Luck
1459,Bernie Mac
1460,Aaron Paul
1461,Anthony Hopkins
1462,Alexis Thorpe
1463,Adriana Lima
1464,Bill Rancic
1465,Armin Mueller-Stahl
1466,Al Pacino
1467,Benjamin Bratt
1468,Aaron Taylor-Johnson
1469,Armin Mueller-Stahl
1470,Amanda Crew
1471,Amy Ryan
1472,Bette Midler
1473,Anna Paquin
1474,Abigail Breslin
1475,Adrianne Palicki
1476,Bella Hadid
1477,Alexander Skarsgard
1478,Bella Hadid
1479,Anna Paquin
1480,Albert Brooks
1481,Andreea Diaconu
1482,Abigail Breslin
1483,Andy Serkis
1484,Alessandra Ambrosio
1485,Al Pacino
1486,Alx James
1487,Ben Johnson
1488,Beyonce Knowles
1489,Amanda Crew
1490,Andy Murray
1491,Alan Arkin
1492,Benedict Cumberbatch
1493,Ben Johnson
1494,Adrianne Palicki
1495,Amy Ryan
1496,Berenice Bejo
1497,Angela Bassett
1498,Alexandra Daddario
1499,Anna Sui
1500,Bernie Mac
1501,Alexander Skarsgard
1502,Armin Mueller-Stahl
1503,Anne Bancroft
1504,Benedict Cumberbatch
1505,Bernie Mac
1506,Alx James
1507,Benicio Del Toro
1508,Andreea Diaconu
1509,Anthony Perkins
1510,Andy Samberg
1511,Benicio Del Toro
1512,Ben Johnson
1513,Berenice Bejo
1514,Anna Sui
1515,Barabara Palvin
1516,Andrew Luck
1517,Antonio Banderas
1518,Anne Hathaway
1519,Bill Hader
1520,Bill Paxton
1521,Bill Hader
1522,Andy Serkis
1523,Alexis Thorpe
1524,Aaron Taylor-Johnson
1525,Aaron Judge
1526,Anna Paquin
1527,Alan Arkin
1528,Ben Kingsley
1529,Benedict Cumberbatch
1530,Ashley Graham
1531,Benedict Cumberbatch
1532,Adrianne Palicki
1533,Andreea Diaconu
1534,Adriana Barraza
1535,Ashley Judd
1536,Analeigh Tipton
1537,Alex Pettyfer
1538,Ben Johnson
1539,Bill Daley
1540,Anne Baxter
1541,Anne Hathaway
1542,Bill Pullman
1543,Ben Stiller
1544,Alexandra Daddario
1545,Arnold Schwarzenegger
1546,Beyonce Knowles
1547,Barbra Streisand
1548,Anne Baxter
1549,Amber Heard
1550,Angelina Jolie
1551,Alx James
1552,Ben Affleck
1553,Andy Samberg
1554,Ashton Kutcher
1555,Alex Pettyfer
1556,Audrey Tautou
1557,Angela Bassett
1558,Andreea Diaconu
1559,Ashley Greene
1560,Adriana Barraza
1561,AnnaSophia Robb
1562,Amy Adams
1563,Adriana Barraza
1564,Armin Mueller-Stahl
1565,Alex Pettyfer
1566,Ashley Graham
1567,Andy Serkis
1568,Amanda Crew
1569,Alx James
1570,Ashley Judd
1571,Anderson Cooper
1572,Amy Ryan
1573,Ben Stiller
1574,Andrew Lincoln
1575,Aaron Judge
1576,Amy Ryan
1577,Adam Sandler
1578,Ashley Greene
1579,Ben Stiller
1580,Adrien Brody
1581,Alan Rickman
1582,Bill Pullman
1583,Amanda Seyfried
1584,Alan Rickman
1585,Ali Larter
1586,Bill Hader
1587,Andy Murray
1588,Adam Sandler
1589,Barabara Palvin
1590,Amber Heard
1591,Anna Faris
1592,Anna Sui
1593,Ava Gardner
1594,Alan Rickman
1595,Ben Foster
1596,Albert Finney
1597,Alan Arkin
1598,Aaron Judge
1599,Amanda Bynes
1600,Anthony Mackie
1601,Billy Bob Thornton
1602,Anne Hathaway
1603,Albert Brooks
1604,Anna Kendrick
1605,Andrew Lincoln
1606,Bill Pullman
1607,Bill Pullman
1608,Alec Baldwin
1609,Anna Friel
1610,Anderson Cooper
1611,Beyonce Knowles
1612,Anthony Hopkins
1613,Alan Rickman
1614,Amy Ryan
1615,Ben Affleck
1616,Anna Paquin
1617,Benicio Del Toro
1618,Alexander Skarsgard
1619,Antonio Banderas
1620,Angela Bassett
1621,Adam Sandler
1622,Audrey Hepburn
1623,Anjelica Huston
1624,Billy Bob Thornton
1625,Alicia Vikander
1626,Bill Daley
1627,Adrien Brody
1628,Amber Heard
1629,Bette Midler
1630,Andy Serkis
1631,Antonio Banderas
1632,Amber Heard
1633,Andrew Lincoln
1634,Alice Eve
1635,Anna Paquin
1636,Alan Arkin
1637,Andy Garcia
1638,Alexander Skarsgard
1639,Alan Rickman
1640,Anderson Cooper
1641,Bill Rancic
1642,Anna Friel
1643,Adriana Barraza
1644,Beyonce Knowles
1645,Art Carney
1646,Adam Sandler
1647,Angela Bassett
1648,Bill O Reilly
1649,Ashley Graham
1650,Anna Paquin
1651,Albert Brooks
1652,Anne Baxter
1653,Akemi Darenogare
1654,Alessandra Ambrosio
1655,Bill Daley
1656,Anthony Mackie
1657,Berenice Bejo
1658,Anna Sui
1659,Antonio Banderas
1660,Andrew Lincoln
1661,Andrew Garfield
1662,Amy Adams
1663,Audrey Hepburn
1664,Andrew Lincoln
1665,Adriana Barraza
1666,Ben Foster
1667,Al Roker
1668,Amanda Peet
1669,Ben Johnson
1670,Ava Gardner
1671,Beyonce Knowles
1672,Armin Mueller-Stahl
1673,Anderson Cooper
1674,Berenice Bejo
1675,Adriana Lima
1676,Andrew Lincoln
1677,Anna Kendrick
1678,Anne Bancroft
1679,Anna Kendrick
1680,Ben Stiller
1681,Ben Stiller
1682,Akemi Darenogare
1683,Adele
1684,Anna Friel
1685,Bill O Reilly
1686,Beyonce Knowles
1687,Anna Friel
1688,Aaron Taylor-Johnson
1689,Ben Stiller
1690,Alan Rickman
1691,Anna Kendrick
1692,Anthony Mackie
1693,Amber Heard
1694,Angela Bassett
1695,Andy Murray
1696,Anthony Hopkins
1697,Adrien Brody
1698,Ben Affleck
1699,Analeigh Tipton
1700,Alan Rickman
1701,Antonio Banderas
1702,Amy Schumer
1703,Andrew Garfield
1704,Beyonce Knowles
1705,Betty White
1706,Audrey Tautou
1707,Anderson Cooper
1708,Akemi Darenogare
1709,Bill O Reilly
1710,Amber Heard
1711,Anna Paquin
1712,Bill O Reilly
1713,Amy Adams
1714,Bernie Mac
1715,Adam Sandler
1716,Andrew Lincoln
1717,Anderson Cooper
1718,Bette Midler
1719,Angelina Jolie
1720,Bill Paxton
1721,Amanda Bynes
1722,Audrey Tautou
1723,Anthony Hopkins
1724,Alx James
1725,Andrew Lincoln
1726,Bella Hadid
1727,Alex Pettyfer
1728,Ali Larter
1729,Anjelica Huston
1730,Abigail Breslin
1731,Al Roker
1732,Alan Arkin
1733,Antonio Banderas
1734,Barbra Streisand
1735,Barabara Palvin
1736,Amy Adams
1737,Angela Bassett
1738,Amy Ryan
1739,Adrianne Palicki
1740,Ben Kingsley
1741,Antonio Banderas
1742,Bernie Mac
1743,Aaron Taylor-Johnson
1744,Amanda Bynes
1745,Amy Ryan
1746,Ashley Judd
1747,Barbra Streisand
1748,Bernie Mac
1749,Bill Pullman
1750,Ashton Kutcher
1751,Alan Arkin
1752,Analeigh Tipton
1753,Amber Heard
1754,Alx James
1755,Anna Sui
1756,Aaron Paul
1757,Alexandra Daddario
1758,Ashton Kutcher
1759,Bette Midler
1760,Betty White
1761,Albert Finney
1762,AnnaSophia Robb
1763,Andrew Garfield
1764,Alexander Skarsgard
1765,Anna Kendrick
1766,Ben Kingsley
1767,Al Pacino
1768,bella thorne
1769,Bill Paxton
1770,Adam Sandler
1771,Anne Hathaway
1772,Andrew Garfield
1773,Alan Alda
1774,Amanda Bynes
1775,Billy Bob Thornton
1776,Aaron Taylor-Johnson
1777,Al Pacino
1778,Alessandra Ambrosio
1779,Annette Bening
1780,Anderson Cooper
1781,Billy Bob Thornton
1782,Alx James
1783,Andreea Diaconu
1784,Andy Garcia
1785,Analeigh Tipton
1786,Anna Paquin
1787,Ben Foster
1788,Ali Larter
1789,Benedict Cumberbatch
1790,Abigail Breslin
1791,Barbra Streisand
1792,Bill Rancic
1793,Bernie Mac
1794,Bernie Mac
1795,Angelina Jolie
1796,Barbra Streisand
1797,Andrew Lincoln
1798,Amanda Peet
1799,Anna Sui
1800,Bill Paxton
1801,Ben Foster
1802,Alicia Vikander
1803,Benjamin Bratt
1804,Alex Pettyfer
1805,Alessandra Ambrosio
1806,Andrew Garfield
1807,Benjamin Bratt
1808,Audrey Hepburn
1809,Barry Pepper
1810,Art Carney
1811,Amy Adams
1812,Andy Murray
1813,Audrey Tautou
1814,Alx James
1815,Beyonce Knowles
1816,Alx James
1817,Albert Brooks
1818,Billy Bob Thornton
1819,Akemi Darenogare
1820,Ben Affleck
1821,Billy Bob Thornton
1822,Al Pacino
1823,Ashton Kutcher
1824,Adriana Barraza
1825,Bill Rancic
1826,Albert Brooks
1827,Alexander Skarsgard
1828,Antonio Banderas
1829,Anthony Hopkins
1830,bella thorne
1831,Anjelica Huston
1832,Bella Hadid
1833,Bill Murray
1834,Andy Murray
1835,Ben Kingsley
1836,Angela Bassett
1837,Ben Foster
1838,Andy Samberg
1839,Akemi Darenogare
1840,Angela Bassett
1841,Andrew Luck
1842,Billy Bob Thornton
1843,Amy Schumer
1844,Adam Sandler
1845,Bill O Reilly
1846,Andie MacDowell
1847,Billy Bob Thornton
1848,Art Carney
1849,Alexander Skarsgard
1850,Alexandra Daddario
1851,Al Pacino
1852,Bill Paxton
1853,Andy Garcia
1854,Bill Paxton
1855,Anna Sui
1856,Akemi Darenogare
1857,Adriana Lima
1858,Adrianne Palicki
1859,Armin Mueller-Stahl
1860,Albert Brooks
1861,Ben Kingsley
1862,Ben Affleck
1863,Alessandra Ambrosio
1864,Anthony Hopkins
1865,Bill Murray
1866,Anna Paquin
1867,Art Carney
1868,Anna Sui
1869,Al Roker
1870,Andrew Lincoln
1871,Alex Pettyfer
1872,Aaron Paul
1873,Ashton Kutcher
1874,Anne Hathaway
1875,Benicio Del Toro
1876,Anne Hathaway
1877,Amanda Seyfried
1878,Alessandra Ambrosio
1879,Amber Heard
1880,Alan Alda
1881,Amy Adams
1882,Audrey Hepburn
1883,Andy Murray
1884,Bill Rancic
1885,Andrew Luck
1886,Barabara Palvin
1887,Alx James
1888,Ashley Greene
1889,Adriana Barraza
1890,Alessandra Ambrosio
1891,Berenice Bejo
1892,Ben Kingsley
1893,Anthony Mackie
1894,Adrianne Palicki
1895,Audrey Tautou
1896,Billy Bob Thornton
1897,Andy Murray
1898,Amy Ryan
1899,Alexandra Daddario
1900,Alex Pettyfer
1901,Audrey Hepburn
1902,Bill Hader
1903,Amanda Seyfried
1904,Amy Adams
1905,Ashton Kutcher
1906,Amanda Crew
1907,Bella Hadid
1908,Amanda Bynes
1909,Amy Ryan
1910,Ben Johnson
1911,Analeigh Tipton
1912,Benedict Cumberbatch
1913,Alan Rickman
1914,Adriana Barraza
1915,Anne Hathaway
1916,Amy Ryan
1917,Amber Heard
1918,Amy Ryan
1919,Andy Samberg
1920,Anna Kendrick
1921,Amy Schumer
1922,Anna Sui
1923,AnnaSophia Robb
1924,Alan Rickman
1925,Beyonce Knowles
1926,Ben Affleck
1927,Anna Paquin
1928,Aaron Paul
1929,Amy Ryan
1930,Anna Friel
1931,Alan Alda
1932,bella thorne
1933,Adele
1934,Betty White
1935,Anna Kendrick
1936,Andrew Lincoln
1937,Alicia Vikander
1938,Benjamin Bratt
1939,Anna Paquin
1940,Anna Friel
1941,Armin Mueller-Stahl
1942,Akemi Darenogare
1943,Amy Ryan
1944,Beyonce Knowles
1945,Amber Heard
1946,Andrew Lincoln
1947,Aaron Paul
1948,Bill Pullman
1949,Andie MacDowell
1950,Bill O Reilly
1951,Alan Alda
1952,Amy Schumer
1953,Adam Sandler
1954,Adrianne Palicki
1955,Andrew Garfield
1956,Adam Sandler
1957,Anna Kendrick
1958,Betty White
1959,Abigail Breslin
1960,Aaron Taylor-Johnson
1961,Akemi Darenogare
1962,Audrey Hepburn
1963,Alicia Vikander
1964,Anna Kendrick
1965,Alan Arkin
1966,Ali Larter
1967,Bill Daley
1968,Bette Midler
1969,Audrey Tautou
1970,Barbra Streisand
1971,Barabara Palvin
1972,Angelina Jolie
1973,Amy Schumer
1974,Andy Samberg
1975,Alec Baldwin
1976,Amy Ryan
1977,Bette Midler
1978,Antonio Banderas
1979,Benedict Cumberbatch
1980,Angela Bassett
1981,Anjelica Huston
1982,Alex Pettyfer
1983,Anna Friel
1984,Bill Murray
1985,Adriana Barraza
1986,Amanda Peet
1987,Amy Adams
1988,Ashton Kutcher
1989,Amanda Peet
1990,Amanda Peet
1991,Anthony Perkins
1992,Bill Daley
1993,Armin Mueller-Stahl
1994,Anjelica Huston
1995,Ashley Judd
1996,Ashley Graham
1997,Adele
1998,Bill Murray
1999,Benedict Cumberbatch
2000,Andreea Diaconu
2001,Benjamin Bratt
2002,Alexandra Daddario
2003,Ali Larter
2004,Ben Affleck
2005,Ben Kingsley
2006,Alx James
2007,Akemi Darenogare
2008,Alexander Skarsgard
2009,Beyonce Knowles
2010,Amy Ryan
2011,Adriana Barraza
2012,Ben Foster
2013,Adriana Lima
2014,Akemi Darenogare
2015,Alan Alda
2016,Annette Bening
2017,Albert Brooks
2018,Alicia Vikander
2019,Angela Bassett
2020,Adele
2021,Bill Murray
2022,Bette Midler
2023,Al Pacino
2024,Anne Bancroft
2025,Angela Bassett
2026,Anna Friel
2027,Anthony Perkins
2028,Anjelica Huston
2029,Beyonce Knowles
2030,Amanda Seyfried
2031,Amy Adams
2032,Adrianne Palicki
2033,Amy Adams
2034,Alexandra Daddario
2035,Bill Pullman
2036,Ben Stiller
2037,Audrey Tautou
2038,Betty White
2039,Billy Bob Thornton
2040,Betty White
2041,Ali Larter
2042,Andy Garcia
2043,Bill Murray
2044,Anjelica Huston
2045,Amanda Peet
2046,Alexandra Daddario
2047,Audrey Tautou
2048,Adrien Brody
2049,Alec Baldwin
2050,Armin Mueller-Stahl
2051,Analeigh Tipton
2052,Bella Hadid
2053,Ashley Graham
2054,Anne Baxter
2055,Bill Daley
2056,AnnaSophia Robb
2057,Alx James
2058,Bill Pullman
2059,Alexis Thorpe
2060,bella thorne
2061,Amanda Crew
2062,Art Carney
2063,Angelina Jolie
2064,Amy Ryan
2065,Alexander Skarsgard
2066,Beyonce Knowles
2067,bella thorne
2068,Adam Sandler
2069,Amanda Crew
2070,Andie MacDowell
2071,Bernie Mac
2072,Andie MacDowell
2073,Anna Paquin
2074,Angela Bassett
2075,Bill Daley
2076,Adele
2077,Bill Murray
2078,Anne Baxter
2079,Ben Affleck
2080,Alexis Thorpe
2081,Al Pacino
2082,Angela Bassett
2083,Bill Murray
2084,Ben Foster
2085,Andy Garcia
2086,Andy Murray
2087,Andy Garcia
2088,Alx James
2089,Alexander Skarsgard
2090,Anna Paquin
2091,Aaron Judge
2092,Ben Johnson
2093,Amber Heard
2094,Bill O Reilly
2095,Bill O Reilly
2096,Angela Bassett
2097,Anna Faris
2098,Antonio Banderas
2099,Anthony Perkins
2100,Angela Bassett
2101,Anne Bancroft
2102,Albert Finney
2103,Andie MacDowell
2104,Amanda Crew
2105,Anna Kendrick
2106,Angela Bassett
2107,Angela Bassett
2108,Amanda Bynes
2109,Audrey Tautou
2110,Andy Samberg
2111,Billy Bob Thornton
2112,Alessandra Ambrosio
2113,Audrey Tautou
2114,Anthony Perkins
2115,Ben Johnson
2116,Ben Foster
2117,Adam Sandler
2118,Aaron Taylor-Johnson
2119,Amber Heard
2120,Amanda Seyfried
2121,Arnold Schwarzenegger
2122,Benedict Cumberbatch
2123,Andy Murray
2124,Benicio Del Toro
2125,Alessandra Ambrosio
2126,Aaron Judge
2127,Bill Rancic
2128,Anjelica Huston
2129,Arnold Schwarzenegger
2130,Ben Stiller
2131,Benicio Del Toro
2132,Annette Bening
2133,Andrew Lincoln
2134,Anne Baxter
2135,Albert Finney
2136,bella thorne
2137,Ben Foster
2138,Bill Paxton
2139,Arnold Schwarzenegger
2140,Aaron Paul
2141,Bill Daley
2142,Andy Garcia
2143,Ben Kingsley
2144,Aaron Paul
2145,Aaron Paul
2146,Anna Kendrick
2147,Akemi Darenogare
2148,Bernie Mac
2149,Barbra Streisand
2150,Alicia Vikander
2151,Arnold Schwarzenegger
2152,Adrien Brody
2153,Andy Serkis
2154,Adrianne Palicki
2155,Bill Rancic
2156,Barbra Streisand
2157,Ashley Graham
2158,Anne Hathaway
2159,Bill Murray
2160,Alec Baldwin
2161,Amy Ryan
2162,Adam Sandler
2163,Bill Daley
2164,Alan Alda
2165,Adrianne Palicki
2166,Audrey Hepburn
2167,Analeigh Tipton
2168,Bill Hader
2169,Alec Baldwin
2170,Andy Murray
2171,Anjelica Huston
2172,Amy Schumer
2173,Albert Brooks
2174,Bill Rancic
2175,Andrew Lincoln
2176,Analeigh Tipton
2177,Ashley Judd
2178,Arnold Schwarzenegger
2179,Ben Stiller
2180,Aaron Paul
2181,Abigail Breslin
2182,Arnold Schwarzenegger
2183,Barry Pepper
2184,Adele
2185,Bill Rancic
2186,Alice Eve
2187,Audrey Hepburn
2188,Adele
2189,Anthony Hopkins
2190,Amy Ryan
2191,Amanda Peet
2192,Antonio Banderas
2193,Bill Paxton
2194,Alessandra Ambrosio
2195,Ali Larter
2196,Benjamin Bratt
2197,Anna Friel
2198,Ben Foster
2199,Ava Gardner
2200,Amy Ryan
2201,Angelina Jolie
2202,Ashton Kutcher
2203,Anthony Mackie
2204,Angelina Jolie
2205,AnnaSophia Robb
2206,Anne Hathaway
2207,Anne Hathaway
2208,Bernie Mac
2209,Alan Arkin
2210,Bill O Reilly
2211,Armin Mueller-Stahl
2212,Ashley Greene
2213,AnnaSophia Robb
2214,Andrew Garfield
2215,Bella Hadid
2216,Anna Paquin
2217,Bernie Mac
2218,Bill Paxton
2219,Ashley Graham
2220,Adrianne Palicki
2221,Aaron Taylor-Johnson
2222,Bette Midler
2223,Adriana Barraza
2224,Ashton Kutcher
2225,Alx James
2226,Andrew Luck
2227,Ava Gardner
2228,Andrew Lincoln
2229,Ben Johnson
2230,Andrew Garfield
2231,Al Pacino
2232,Barry Pepper
2233,Alessandra Ambrosio
2234,Albert Finney
2235,Alx James
2236,Ava Gardner
2237,Adam Sandler
2238,Audrey Hepburn
2239,Alan Arkin
2240,Adriana Barraza
2241,Anna Faris
2242,Billy Bob Thornton
2243,Annette Bening
2244,Ben Kingsley
2245,Ben Kingsley
2246,Audrey Hepburn
2247,Amanda Crew
2248,Benicio Del Toro
2249,Andrew Luck
2250,Ashley Graham
2251,Al Roker
2252,Anne Hathaway
2253,Adrien Brody
2254,Albert Finney
2255,Bill Rancic
2256,Andreea Diaconu
2257,Andy Samberg
2258,Anthony Mackie
2259,Arnold Schwarzenegger
2260,Ashley Greene
2261,Barry Pepper
2262,Alexis Thorpe
2263,Alx James
2264,Anna Paquin
2265,Alexis Thorpe
2266,Amber Heard
2267,Ben Affleck
2268,Arnold Schwarzenegger
2269,Annette Bening
2270,Al Pacino
2271,Analeigh Tipton
2272,Amy Adams
2273,Alan Rickman
2274,Beyonce Knowles
2275,Alexandra Daddario
2276,Alexis Thorpe
2277,Adele
2278,Ashley Graham
2279,Albert Finney
2280,Armin Mueller-Stahl
2281,Bill Hader
2282,Adam Sandler
2283,Amanda Bynes
2284,Bill Daley
2285,Anthony Hopkins
2286,Ava Gardner
2287,Antonio Banderas
2288,Barabara Palvin
2289,Ali Larter
2290,Ben Foster
2291,Amanda Bynes
2292,Analeigh Tipton
2293,Ashley Greene
2294,Andreea Diaconu
2295,Barry Pepper
2296,Aaron Taylor-Johnson
2297,Amanda Seyfried
2298,Beyonce Knowles
2299,Amy Ryan
2300,Art Carney
2301,Alan Rickman
2302,Aaron Paul
2303,Alexandra Daddario
2304,Ben Kingsley
2305,Alexandra Daddario
2306,Ashley Greene
2307,Arnold Schwarzenegger
2308,Alice Eve
2309,Analeigh Tipton
2310,Alexis Thorpe
2311,Adriana Lima
2312,Aaron Paul
2313,Annette Bening
2314,Adrien Brody
2315,Aaron Judge
2316,Ali Larter
2317,Abigail Breslin
2318,Annette Bening
2319,Anna Faris
2320,Amanda Crew
2321,Adriana Barraza
2322,Al Pacino
2323,Bill Pullman
2324,Alicia Vikander
2325,Anna Paquin
2326,Anne Baxter
2327,Barry Pepper
2328,Andy Serkis
2329,Adele
2330,Betty White
2331,Alexander Skarsgard
2332,Alexandra Daddario
2333,Bill Hader
2334,Beyonce Knowles
2335,Angela Bassett
2336,Alexander Skarsgard
2337,Anne Hathaway
2338,Beyonce Knowles
2339,Art Carney
2340,Albert Brooks
2341,Barry Pepper
2342,Anna Faris
2343,Al Pacino
2344,Alexander Skarsgard
2345,Alessandra Ambrosio
2346,Antonio Banderas
2347,Anna Faris
2348,Annette Bening
2349,Ashley Judd
2350,Ashley Judd
2351,Adrianne Palicki
2352,Adam Sandler
2353,Alan Arkin
2354,Benjamin Bratt
2355,Bill Pullman
2356,Barabara Palvin
2357,Amy Schumer
2358,Ashley Greene
2359,Anna Faris
2360,Amy Ryan
2361,AnnaSophia Robb
2362,Amanda Peet
2363,Benjamin Bratt
2364,Alan Rickman
2365,Amber Heard
2366,Ben Johnson
2367,Andy Murray
2368,Andy Serkis
2369,Bill O Reilly
2370,Amanda Bynes
2371,Benedict Cumberbatch
2372,Ben Affleck
2373,Amanda Seyfried
2374,Audrey Hepburn
2375,Anderson Cooper
2376,Al Pacino
2377,Bette Midler
2378,Bill Paxton
2379,Analeigh Tipton
2380,Amanda Seyfried
2381,Anthony Perkins
2382,Adrianne Palicki
2383,Aaron Taylor-Johnson
2384,Andrew Luck
2385,Ashley Greene
2386,Annette Bening
2387,Anthony Hopkins
2388,Andreea Diaconu
2389,Andrew Luck
2390,Betty White
2391,Analeigh Tipton
2392,Abigail Breslin
2393,Akemi Darenogare
2394,Amanda Bynes
2395,Andrew Lincoln
2396,Amanda Peet
2397,AnnaSophia Robb
2398,Alan Rickman
2399,Ben Affleck
2400,Alex Pettyfer
2401,Bernie Mac
2402,Andy Samberg
2403,Anne Baxter
2404,Bill O Reilly
2405,Bill O Reilly
2406,Anjelica Huston
2407,Alex Pettyfer
2408,Alan Rickman
2409,Beyonce Knowles
2410,AnnaSophia Robb
2411,Armin Mueller-Stahl
2412,Ashley Judd
2413,Adrianne Palicki
2414,Anna Friel
2415,Amanda Bynes
2416,Betty White
2417,Abigail Breslin
2418,Albert Finney
2419,Al Roker
2420,Amy Schumer
2421,Audrey Hepburn
2422,Anne Bancroft
2423,Ashley Greene
2424,Anne Hathaway
2425,Bernie Mac
2426,Ava Gardner
2427,Bill Rancic
2428,Ben Kingsley
2429,Andy Samberg
2430,Arnold Schwarzenegger
2431,Anna Sui
2432,Benjamin Bratt
2433,Arnold Schwarzenegger
2434,Alan Rickman
2435,Betty White
2436,Alice Eve
2437,Adriana Barraza
2438,Andrew Garfield
2439,Arnold Schwarzenegger
2440,Abigail Breslin
2441,Andreea Diaconu
2442,Alice Eve
2443,Abigail Breslin
2444,Anthony Perkins
2445,Adriana Barraza
2446,Alexander Skarsgard
2447,Barabara Palvin
2448,Andrew Luck
2449,Arnold Schwarzenegger
2450,Ben Affleck
2451,Benedict Cumberbatch
2452,Amanda Seyfried
2453,Angela Bassett
2454,Benedict Cumberbatch
2455,Amanda Bynes
2456,Ashton Kutcher
2457,Al Pacino
2458,Alex Pettyfer
2459,Alex Pettyfer
2460,Ben Johnson
2461,Albert Finney
2462,Anna Faris
2463,Anne Baxter
2464,Anna Friel
2465,Ava Gardner
2466,Andreea Diaconu
2467,Anthony Hopkins
2468,Bill Murray
2469,Andy Samberg
2470,Benicio Del Toro
2471,Anthony Perkins
2472,Andrew Lincoln
2473,Andy Murray
2474,Amy Schumer
2475,Adriana Lima
2476,Angelina Jolie
2477,Abigail Breslin
2478,Barabara Palvin
2479,Anna Paquin
2480,Bill Pullman
2481,Barry Pepper
2482,Angelina Jolie
2483,Anjelica Huston
2484,Alan Alda
2485,Andy Serkis
2486,Benedict Cumberbatch
2487,Andy Samberg
2488,Benjamin Bratt
2489,Ashton Kutcher
2490,Alexander Skarsgard
2491,Ashley Graham
2492,Amber Heard
2493,Andy Samberg
2494,Andrew Luck
2495,Barabara Palvin
2496,Andy Murray
2497,Anne Baxter
2498,Amy Ryan
2499,Barabara Palvin
2500,Adriana Barraza
2501,Ali Larter
2502,Andrew Lincoln
2503,Anna Paquin
2504,Angelina Jolie
2505,Aaron Taylor-Johnson
2506,Alex Pettyfer
2507,Amanda Bynes
2508,Amanda Bynes
2509,Andreea Diaconu
2510,Anna Friel
2511,Alexandra Daddario
2512,Ashley Judd
2513,Ben Kingsley
2514,Anderson Cooper
2515,Berenice Bejo
2516,Anthony Mackie
2517,Ben Kingsley
2518,Andy Samberg
2519,Bette Midler
2520,Amy Schumer
2521,Analeigh Tipton
2522,Barabara Palvin
2523,Alx James
2524,Alx James
2525,Bill Hader
2526,Andy Samberg
2527,Barry Pepper
2528,Ben Johnson
2529,Andy Samberg
2530,Andrew Garfield
2531,AnnaSophia Robb
2532,Alan Arkin
2533,Andreea Diaconu
2534,Beyonce Knowles
2535,Ben Johnson
2536,Benicio Del Toro
2537,Bill Hader
2538,Ben Affleck
2539,Bette Midler
2540,Amanda Seyfried
2541,Andie MacDowell
2542,Amy Adams
2543,Anna Sui
2544,bella thorne
2545,Alicia Vikander
2546,Amy Ryan
2547,Anna Paquin
2548,Berenice Bejo
2549,Analeigh Tipton
2550,Anna Faris
2551,Benedict Cumberbatch
2552,Alan Rickman
2553,Barabara Palvin
2554,Art Carney
2555,Alex Pettyfer
2556,Barbra Streisand
2557,Anna Friel
2558,Adriana Barraza
2559,Amanda Bynes
2560,Anthony Hopkins
2561,Ashley Greene
2562,Benicio Del Toro
2563,Barabara Palvin
2564,Ashley Graham
2565,Ben Kingsley
2566,Bella Hadid
2567,Barbra Streisand
2568,Betty White
2569,Amber Heard
2570,Bill O Reilly
2571,Andy Serkis
2572,Ben Foster
2573,Ashley Graham
2574,Anna Paquin
2575,Amanda Peet
2576,Alan Alda
2577,Armin Mueller-Stahl
2578,Andreea Diaconu
2579,Alexander Skarsgard
2580,Amber Heard
2581,Art Carney
2582,Ashton Kutcher
2583,Audrey Hepburn
2584,Barbra Streisand
2585,Anjelica Huston
2586,Amy Ryan
2587,Bill O Reilly
2588,Alan Rickman
2589,Audrey Hepburn
2590,Bill Rancic
2591,Bill Paxton
2592,Aaron Taylor-Johnson
2593,Barbra Streisand
2594,Anthony Mackie
2595,Adrianne Palicki
2596,Annette Bening
2597,Anna Paquin
2598,Aaron Taylor-Johnson
2599,Adrianne Palicki
2600,Amanda Seyfried
2601,Adrien Brody
2602,Anne Hathaway
2603,Anne Baxter
2604,Amanda Seyfried
2605,Ashton Kutcher
2606,Bernie Mac
2607,Akemi Darenogare
2608,Barry Pepper
2609,Alan Alda
2610,Alec Baldwin
2611,Analeigh Tipton
2612,Alex Pettyfer
2613,Bill Paxton
2614,Anna Friel
2615,Adriana Lima
2616,Amanda Crew
2617,Anna Paquin
2618,Ben Stiller
2619,Alice Eve
2620,Audrey Hepburn
2621,Andy Garcia
2622,Anna Faris
2623,Ben Foster
2624,Ava Gardner
2625,Audrey Hepburn
2626,Alex Pettyfer
2627,Annette Bening
2628,Alec Baldwin
2629,Alx James
2630,Amanda Bynes
2631,Ashton Kutcher
2632,Anna Faris
2633,Ben Affleck
2634,Audrey Tautou
2635,Andy Serkis
2636,Anne Hathaway
2637,Anna Sui
2638,Adrien Brody
2639,Andie MacDowell
2640,Anna Kendrick
2641,Akemi Darenogare
2642,Andy Samberg
2643,Andie MacDowell
2644,Audrey Tautou
2645,Anjelica Huston
2646,Bill O Reilly
2647,Alan Rickman
2648,Ben Kingsley
2649,Anna Friel
2650,Andie MacDowell
2651,Ben Johnson
2652,Barry Pepper
2653,Aaron Taylor-Johnson
2654,Anna Kendrick
2655,Angela Bassett
2656,Andy Serkis
2657,Ali Larter
2658,Amy Ryan
2659,Alex Pettyfer
2660,Anna Friel
2661,Andy Garcia
2662,Alx James
2663,Alessandra Ambrosio
2664,Amy Adams
2665,bella thorne
2666,Beyonce Knowles
2667,Adam Sandler
2668,Amanda Crew
2669,Barbra Streisand
2670,Anna Faris
2671,Anna Paquin
2672,Aaron Judge
2673,Alan Arkin
2674,Ben Foster
2675,Ben Foster
2676,Alan Rickman
2677,Alessandra Ambrosio
2678,Anderson Cooper
2679,Antonio Banderas
2680,Andreea Diaconu
2681,Berenice Bejo
2682,Berenice Bejo
2683,Ashley Graham
2684,Albert Brooks
2685,Anne Bancroft
2686,Anna Paquin
2687,Alexis Thorpe
2688,Bill O Reilly
2689,Al Roker
2690,Ashley Graham
2691,Annette Bening
2692,Aaron Judge
2693,Bill Daley
2694,Andrew Lincoln
2695,Berenice Bejo
2696,Ashley Graham
2697,Ben Foster
2698,Betty White
2699,Anna Sui
2700,Andrew Garfield
2701,Aaron Paul
2702,Alex Pettyfer
2703,Barry Pepper
2704,Angela Bassett
2705,Alicia Vikander
2706,Amanda Peet
2707,Barbra Streisand
2708,Ben Affleck
2709,Bill Paxton
2710,Andy Serkis
2711,Adele
2712,Ava Gardner
2713,Anthony Mackie
2714,Amanda Seyfried
2715,Adriana Barraza
2716,Adrianne Palicki
2717,bella thorne
2718,Andreea Diaconu
2719,Barbra Streisand
2720,Abigail Breslin
2721,Bill Murray
2722,Bette Midler
2723,Anna Faris
2724,Benedict Cumberbatch
2725,Bill Daley
2726,Amy Ryan
2727,Benedict Cumberbatch
2728,Andrew Lincoln
2729,Benedict Cumberbatch
2730,Amy Adams
2731,Alan Rickman
2732,Adriana Barraza
2733,Adele
2734,Bernie Mac
2735,Alx James
2736,Albert Brooks
2737,Anna Sui
2738,Amanda Peet
2739,Alan Alda
2740,Amber Heard
2741,Bill Daley
2742,Benjamin Bratt
2743,Amanda Seyfried
2744,Bill Murray
2745,Bill Hader
2746,Andy Murray
2747,Audrey Hepburn
2748,Abigail Breslin
2749,Bill Rancic
2750,Audrey Tautou
2751,Amy Adams
2752,Andy Samberg
2753,Benedict Cumberbatch
2754,Abigail Breslin
2755,Ben Foster
2756,Adriana Lima
2757,Angelina Jolie
2758,Armin Mueller-Stahl
2759,Alan Arkin
2760,Annette Bening
2761,Bill Paxton
2762,Ben Foster
2763,Abigail Breslin
2764,Anna Friel
2765,Amber Heard
2766,Bernie Mac
2767,Ali Larter
2768,Bernie Mac
2769,Anna Sui
2770,Annette Bening
2771,Andy Serkis
2772,Arnold Schwarzenegger
2773,Anjelica Huston
2774,Beyonce Knowles
2775,Ava Gardner
2776,Amy Adams
2777,Ben Johnson
2778,Alex Pettyfer
2779,Aaron Paul
2780,Andrew Luck
2781,Ben Affleck
2782,Barry Pepper
2783,Audrey Tautou
2784,Adrien Brody
2785,Barabara Palvin
2786,Barry Pepper
2787,Amy Adams
2788,Audrey Hepburn
2789,Alexis Thorpe
2790,Berenice Bejo
2791,Analeigh Tipton
2792,Adam Sandler
2793,AnnaSophia Robb
2794,Amy Ryan
2795,Arnold Schwarzenegger
2796,Amanda Seyfried
2797,Anne Hathaway
2798,Anne Hathaway
2799,Ben Johnson
2800,Andy Serkis
2801,Abigail Breslin
2802,Amy Ryan
2803,Anjelica Huston
2804,Anna Friel
2805,Andy Samberg
2806,Akemi Darenogare
2807,Angelina Jolie
2808,Bill Murray
2809,Alex Pettyfer
2810,Aaron Paul
2811,Ashley Judd
2812,Bill Paxton
2813,Angelina Jolie
2814,Al Pacino
2815,Anjelica Huston
2816,Andy Murray
2817,Ali Larter
2818,Anthony Mackie
2819,Adrien Brody
2820,Ali Larter
2821,Andrew Lincoln
2822,Andrew Lincoln
2823,Alan Arkin
2824,Amanda Crew
2825,Anderson Cooper
2826,Andrew Garfield
2827,Alec Baldwin
2828,Alan Rickman
2829,Aaron Judge
2830,Bill Paxton
2831,Alan Rickman
2832,Anderson Cooper
2833,Anjelica Huston
2834,Anna Paquin
2835,Amanda Seyfried
2836,Audrey Tautou
2837,Alexandra Daddario
2838,Anna Sui
2839,Angela Bassett
2840,Bill Murray
2841,Bella Hadid
2842,Anjelica Huston
2843,Andrew Luck
2844,Andy Garcia
2845,Alec Baldwin
2846,Andrew Garfield
2847,Billy Bob Thornton
2848,Anna Kendrick
2849,Alicia Vikander
2850,Ashley Graham
2851,Amanda Seyfried
2852,Armin Mueller-Stahl
2853,Anna Paquin
2854,Ben Johnson
2855,Amy Ryan
2856,Albert Finney
2857,Amanda Peet
2858,Berenice Bejo
2859,Andrew Luck
2860,Anna Sui
2861,Albert Brooks
2862,Andreea Diaconu
2863,Amanda Seyfried
2864,Amy Ryan
2865,Albert Brooks
2866,Alexander Skarsgard
2867,Andrew Garfield
2868,Benjamin Bratt
2869,Annette Bening
2870,Anderson Cooper
2871,Amanda Crew
2872,Billy Bob Thornton
2873,Berenice Bejo
2874,Alec Baldwin
2875,Billy Bob Thornton
2876,Anderson Cooper
2877,Ben Affleck
2878,AnnaSophia Robb
2879,Betty White
2880,Benedict Cumberbatch
2881,Andie MacDowell
2882,Anna Paquin
2883,Barabara Palvin
2884,Beyonce Knowles
2885,Audrey Hepburn
2886,Art Carney
2887,Barry Pepper
2888,Andy Murray
2889,Bill Rancic
2890,Akemi Darenogare
2891,Aaron Judge
2892,Ava Gardner
2893,Bette Midler
2894,Amy Schumer
2895,Antonio Banderas
2896,Amanda Seyfried
2897,Adriana Lima
2898,Adrien Brody
2899,Anjelica Huston
2900,Anna Faris
2901,Ben Johnson
2902,Billy Bob Thornton
2903,Amy Ryan
2904,Benedict Cumberbatch
2905,Art Carney
2906,Arnold Schwarzenegger
2907,Benedict Cumberbatch
2908,Ashley Judd
2909,Alx James
2910,Anne Baxter
2911,Audrey Hepburn
2912,Amanda Seyfried
2913,Barry Pepper
2914,Audrey Hepburn
2915,Adrianne Palicki
2916,Ashley Judd
2917,Alec Baldwin
2918,Ava Gardner
2919,Bernie Mac
2920,Adele
2921,Alexander Skarsgard
2922,Barabara Palvin
2923,AnnaSophia Robb
2924,Aaron Taylor-Johnson
2925,Alice Eve
2926,Alexis Thorpe
2927,Aaron Paul
2928,Amy Adams
2929,Benjamin Bratt
2930,Amy Ryan
2931,Angela Bassett
2932,Ashley Greene
2933,Alice Eve
2934,Albert Finney
2935,Analeigh Tipton
2936,Anthony Hopkins
2937,Alan Rickman
2938,Benjamin Bratt
2939,Adriana Barraza
2940,Amber Heard
2941,Anna Faris
2942,Adam Sandler
2943,Adrianne Palicki
2944,Antonio Banderas
2945,Alex Pettyfer
2946,Adriana Lima
2947,Aaron Paul
2948,Anthony Mackie
2949,Albert Brooks
2950,Annette Bening
2951,Ben Johnson
2952,Amanda Bynes
2953,Amanda Crew
2954,Aaron Paul
2955,Barry Pepper
2956,Anna Friel
2957,Adriana Barraza
2958,Andie MacDowell
2959,Andrew Lincoln
2960,Al Pacino
2961,bella thorne
2962,Ben Stiller
2963,Alexandra Daddario
2964,Anthony Mackie
2965,Andie MacDowell
2966,Angelina Jolie
2967,Adriana Barraza
2968,Bill Murray
2969,Anne Bancroft
2970,Anna Paquin
2971,Barbra Streisand
2972,Antonio Banderas
2973,Alan Arkin
2974,Beyonce Knowles
2975,Benjamin Bratt
2976,Benicio Del Toro
2977,Ashton Kutcher
2978,Alexander Skarsgard
2979,Anna Faris
2980,Amy Adams
2981,Alan Alda
2982,Alan Rickman
2983,Ashley Judd
2984,Ben Johnson
2985,Benedict Cumberbatch
2986,Alan Rickman
2987,Ali Larter
2988,Abigail Breslin
2989,Amanda Bynes
2990,Alice Eve
2991,Bill Daley
2992,Alx James
2993,Amy Ryan
2994,Aaron Judge
2995,Antonio Banderas
2996,Billy Bob Thornton
2997,Amanda Peet
2998,Andy Murray
2999,Andrew Garfield
3000,Bette Midler
3001,Anthony Mackie
3002,Billy Bob Thornton
3003,Adriana Barraza
3004,Ashley Judd
3005,Anne Hathaway
3006,Alexander Skarsgard
3007,Annette Bening
3008,bella thorne
3009,Barbra Streisand
3010,Anna Sui
3011,Adriana Lima
3012,Bill Pullman
3013,Alec Baldwin
3014,Bill Paxton
3015,Ashley Judd
3016,Anthony Mackie
3017,Benjamin Bratt
3018,Alexander Skarsgard
3019,Abigail Breslin
3020,Alexis Thorpe
3021,Angela Bassett
3022,Alex Pettyfer
3023,Ashley Judd
3024,Bill O Reilly
3025,Anne Hathaway
3026,Amanda Bynes
3027,Bill Murray
3028,Bernie Mac
3029,Anne Bancroft
3030,Berenice Bejo
3031,Armin Mueller-Stahl
3032,Anjelica Huston
3033,Barbra Streisand
3034,Annette Bening
3035,Berenice Bejo
3036,Bill Pullman
3037,Ali Larter
3038,Anjelica Huston
3039,Alan Arkin
3040,Bill Pullman
3041,Armin Mueller-Stahl
3042,Bill Rancic
3043,Amanda Peet
3044,Andrew Luck
3045,Anna Sui
3046,Alx James
3047,Adriana Lima
3048,Amber Heard
3049,Barbra Streisand
3050,Anna Paquin
3051,Barry Pepper
3052,Anderson Cooper
3053,Aaron Paul
3054,Alex Pettyfer
3055,Amber Heard
3056,Anjelica Huston
3057,Anne Hathaway
3058,Armin Mueller-Stahl
3059,Alan Rickman
3060,Amanda Crew
3061,Andrew Lincoln
3062,Anthony Mackie
3063,Amy Schumer
3064,Audrey Tautou
3065,Benedict Cumberbatch
3066,Ashley Judd
3067,Bill Daley
3068,Andrew Luck
3069,Bill Paxton
3070,Bill O Reilly
3071,Alicia Vikander
3072,Ashley Judd
3073,Adrianne Palicki
3074,Anne Baxter
3075,Bella Hadid
3076,Anna Sui
3077,Anne Hathaway
3078,Albert Brooks
3079,Alexander Skarsgard
3080,Ben Foster
3081,Anna Kendrick
3082,Arnold Schwarzenegger
3083,Bill O Reilly
3084,Amy Schumer
3085,Arnold Schwarzenegger
3086,Benedict Cumberbatch
3087,Anderson Cooper
3088,Albert Finney
3089,Anthony Perkins
3090,Bette Midler
3091,Anne Bancroft
3092,Andy Murray
3093,Barry Pepper
3094,Alx James
3095,Benjamin Bratt
3096,Benicio Del Toro
3097,Ben Affleck
3098,Ashley Greene
3099,Ashley Judd
3100,Anna Faris
3101,Ben Foster
3102,Amanda Peet
3103,Arnold Schwarzenegger
3104,Anthony Mackie
3105,Alessandra Ambrosio
3106,Anna Paquin
3107,Bill Pullman
3108,Beyonce Knowles
3109,Beyonce Knowles
3110,Anna Kendrick
3111,Anne Bancroft
3112,Bill Murray
3113,Billy Bob Thornton
3114,Alec Baldwin
3115,Andy Murray
3116,Anthony Perkins
3117,Amy Schumer
3118,Anderson Cooper
3119,Anne Bancroft
3120,bella thorne
3121,Anne Bancroft
3122,Alessandra Ambrosio
3123,Adriana Barraza
3124,Adrianne Palicki
3125,Anthony Perkins
3126,Amy Adams
3127,Alessandra Ambrosio
3128,Benjamin Bratt
3129,Amy Ryan
3130,Audrey Tautou
3131,bella thorne
3132,Akemi Darenogare
3133,Adrien Brody
3134,Beyonce Knowles
3135,Andreea Diaconu
3136,Alx James
3137,Alan Rickman
3138,Ben Foster
3139,Alx James
3140,Amy Adams
3141,Anjelica Huston
3142,Armin Mueller-Stahl
3143,Alx James
3144,Aaron Taylor-Johnson
3145,Anthony Perkins
3146,Anna Paquin
3147,Ashley Graham
3148,Andreea Diaconu
3149,Angela Bassett
3150,Bella Hadid
3151,Ava Gardner
3152,Anna Sui
3153,Ben Kingsley
3154,Adam Sandler
3155,Aaron Paul
3156,Antonio Banderas
3157,Al Roker
3158,Ben Foster
3159,Akemi Darenogare
3160,Andy Murray
3161,Andie MacDowell
3162,Ali Larter
3163,Alx James
3164,Alexander Skarsgard
3165,Anthony Hopkins
3166,Anthony Mackie
3167,Anna Friel
3168,Anne Baxter
3169,Billy Bob Thornton
3170,Anna Faris
3171,Ashley Greene
3172,Amy Ryan
3173,Berenice Bejo
3174,Ava Gardner
3175,Andreea Diaconu
3176,Ben Johnson
3177,Adrianne Palicki
3178,Amanda Crew
3179,Ben Johnson
3180,Anna Sui
3181,Akemi Darenogare
3182,Albert Finney
3183,Barry Pepper
3184,Alan Arkin
3185,Andie MacDowell
3186,Ben Affleck
3187,Analeigh Tipton
3188,Bette Midler
3189,Ben Foster
3190,Amy Adams
3191,Benicio Del Toro
3192,Beyonce Knowles
3193,Armin Mueller-Stahl
3194,Andy Garcia
3195,Benicio Del Toro
3196,Adriana Barraza
3197,Bill Hader
3198,Anderson Cooper
3199,Ashley Graham
3200,Albert Finney
3201,bella thorne
3202,AnnaSophia Robb
3203,Alexandra Daddario
3204,Andreea Diaconu
3205,Benedict Cumberbatch
3206,Amy Adams
3207,Bella Hadid
3208,Ashton Kutcher
3209,Alx James
3210,Alec Baldwin
3211,Alan Alda
3212,Andreea Diaconu
3213,Bill Paxton
3214,Berenice Bejo
3215,Bill Murray
3216,Amanda Peet
3217,Albert Brooks
3218,Barbra Streisand
3219,Anna Sui
3220,Andy Murray
3221,Analeigh Tipton
3222,Bill Hader
3223,Andrew Lincoln
3224,Anne Bancroft
3225,Andy Murray
3226,Ashley Judd
3227,Alec Baldwin
3228,Anna Kendrick
3229,Benicio Del Toro
3230,Barbra Streisand
3231,Benicio Del Toro
3232,Anjelica Huston
3233,Bill Pullman
3234,Billy Bob Thornton
3235,Art Carney
3236,Betty White
3237,Audrey Hepburn
3238,Al Roker
3239,Antonio Banderas
3240,Adrien Brody
3241,Alice Eve
3242,Anna Friel
3243,Bill Murray
3244,Benedict Cumberbatch
3245,Anderson Cooper
3246,Andy Garcia
3247,Anthony Hopkins
3248,Audrey Tautou
3249,Akemi Darenogare
3250,Alice Eve
3251,Bill Paxton
3252,Andrew Garfield
3253,Amanda Seyfried
3254,Bill O Reilly
3255,Adam Sandler
3256,Alexandra Daddario
3257,Adriana Lima
3258,Anna Friel
3259,Alexandra Daddario
3260,Ben Stiller
3261,Alex Pettyfer
3262,Alec Baldwin
3263,Andy Garcia
3264,Akemi Darenogare
3265,Ashley Graham
3266,Alicia Vikander
3267,Andy Garcia
3268,Aaron Taylor-Johnson
3269,Andrew Lincoln
3270,Antonio Banderas
3271,Benjamin Bratt
3272,Anthony Mackie
3273,Anne Hathaway
3274,Bill O Reilly
3275,Al Pacino
3276,Amanda Peet
3277,Amy Ryan
3278,Amy Ryan
3279,Anthony Mackie
3280,Bernie Mac
3281,Ben Stiller
3282,Amy Schumer
3283,Bill Rancic
3284,Ava Gardner
3285,Anthony Hopkins
3286,Annette Bening
3287,Al Pacino
3288,Barry Pepper
3289,Al Roker
3290,Alexandra Daddario
3291,Angelina Jolie
3292,Akemi Darenogare
3293,Ashley Greene
3294,Albert Finney
3295,Adam Sandler
3296,Anne Hathaway
3297,Barabara Palvin
3298,Alan Arkin
3299,Amy Ryan
3300,Andy Samberg
3301,Anna Kendrick
3302,Ben Stiller
3303,Andrew Luck
3304,Adele
3305,Andrew Lincoln
3306,Amanda Crew
3307,Amy Ryan
3308,Benicio Del Toro
3309,Al Roker
3310,Amy Schumer
3311,Anna Kendrick
3312,Adriana Lima
3313,Anthony Mackie
3314,Adam Sandler
3315,Adam Sandler
3316,Ashley Judd
3317,Amber Heard
3318,Barry Pepper
3319,Alex Pettyfer
3320,Analeigh Tipton
3321,Analeigh Tipton
3322,Anna Sui
3323,Amanda Peet
3324,Amanda Bynes
3325,Bill Paxton
3326,Anthony Perkins
3327,Ali Larter
3328,bella thorne
3329,Anna Sui
3330,Bill O Reilly
3331,Adriana Barraza
3332,Audrey Hepburn
3333,Bernie Mac
3334,Andie MacDowell
3335,Anderson Cooper
3336,Amanda Crew
3337,Annette Bening
3338,Anthony Hopkins
3339,Alec Baldwin
3340,Aaron Paul
3341,Beyonce Knowles
3342,Bill Rancic
3343,Adrien Brody
3344,Beyonce Knowles
3345,bella thorne
3346,Bette Midler
3347,Al Pacino
3348,Anderson Cooper
3349,Anne Hathaway
3350,Anna Paquin
3351,Audrey Hepburn
3352,Anna Kendrick
3353,Andy Garcia
3354,Amanda Seyfried
3355,Antonio Banderas
3356,Alexandra Daddario
3357,Anthony Hopkins
3358,Ava Gardner
3359,Anna Sui
3360,Anna Faris
3361,Ben Johnson
3362,Alexandra Daddario
3363,Anthony Hopkins
3364,Alice Eve
3365,Anne Baxter
3366,Al Roker
3367,Angelina Jolie
3368,Alan Rickman
3369,Andy Serkis
3370,Benjamin Bratt
3371,Aaron Paul
3372,Al Roker
3373,Ben Johnson
3374,Anthony Mackie
3375,Benicio Del Toro
3376,Bill Rancic
3377,Arnold Schwarzenegger
3378,Amy Ryan
3379,Anthony Hopkins
3380,Billy Bob Thornton
3381,Anne Baxter
3382,Amanda Seyfried
3383,Anne Hathaway
3384,Bill Daley
3385,Amy Schumer
3386,Andreea Diaconu
3387,Anthony Hopkins
3388,Anna Paquin
3389,Alexis Thorpe
3390,Ashley Greene
3391,Ashley Greene
3392,Bill Murray
3393,Al Pacino
3394,Aaron Judge
3395,Bill Paxton
3396,Analeigh Tipton
3397,Aaron Paul
3398,Albert Finney
3399,Bill Paxton
3400,Aaron Judge
3401,Benicio Del Toro
3402,Ali Larter
3403,Bill Daley
3404,Aaron Taylor-Johnson
3405,Al Pacino
3406,Andreea Diaconu
3407,Bernie Mac
3408,Benicio Del Toro
3409,Andy Serkis
3410,Anna Faris
3411,Bernie Mac
3412,Anna Faris
3413,Ali Larter
3414,Audrey Hepburn
3415,Amy Schumer
3416,Barry Pepper
3417,Berenice Bejo
3418,Beyonce Knowles
3419,Alx James
3420,Alan Alda
3421,Anne Bancroft
3422,Akemi Darenogare
3423,Anthony Perkins
3424,Benicio Del Toro
3425,Ben Foster
3426,Ben Johnson
3427,Beyonce Knowles
3428,Ben Kingsley
3429,Alessandra Ambrosio
3430,AnnaSophia Robb
3431,Ashley Greene
3432,Alx James
3433,Ashley Greene
3434,Andy Serkis
3435,Ben Kingsley
3436,Andy Garcia
3437,Ben Foster
3438,Andreea Diaconu
3439,Alexis Thorpe
3440,Alexandra Daddario
3441,Alice Eve
3442,Amanda Bynes
3443,Ben Johnson
3444,Bill O Reilly
3445,Andy Murray
3446,Art Carney
3447,Bill Daley
3448,Aaron Paul
3449,Ben Stiller
3450,Al Roker
3451,Analeigh Tipton
3452,Amy Ryan
3453,Albert Brooks
3454,Bella Hadid
3455,Ashley Judd
3456,Benicio Del Toro
3457,Benjamin Bratt
3458,Anna Sui
3459,Andy Murray
3460,Ava Gardner
3461,Alexis Thorpe
3462,Andy Garcia
3463,Adrianne Palicki
3464,Bill Pullman
3465,Ava Gardner
3466,Al Pacino
3467,Andy Samberg
3468,Adrianne Palicki
3469,Amy Adams
3470,Benjamin Bratt
3471,Anthony Hopkins
3472,Andie MacDowell
3473,Aaron Paul
3474,Amanda Crew
3475,Angelina Jolie
3476,Al Roker
3477,Bette Midler
3478,Bill Murray
3479,Andrew Lincoln
3480,Anna Paquin
3481,Anna Faris
3482,Alexandra Daddario
3483,Adrien Brody
3484,Adam Sandler
3485,Adriana Barraza
3486,Art Carney
3487,Andy Serkis
3488,Bette Midler
3489,Antonio Banderas
3490,Analeigh Tipton
3491,Andreea Diaconu
3492,Alec Baldwin
3493,Andy Garcia
3494,Beyonce Knowles
3495,Adriana Lima
3496,Adriana Barraza
3497,Anna Paquin
3498,Alexis Thorpe
3499,Anjelica Huston
3500,Alan Alda
3501,Alexandra Daddario
3502,Benedict Cumberbatch
3503,Anthony Perkins
3504,Alice Eve
3505,Anna Faris
3506,Ben Kingsley
3507,Anjelica Huston
3508,Ashton Kutcher
3509,Amy Ryan
3510,Abigail Breslin
3511,Art Carney
3512,Bill Rancic
3513,Anna Faris
3514,Alan Rickman
3515,Al Roker
3516,Andy Murray
3517,Angela Bassett
3518,Ben Foster
3519,Ben Foster
3520,Alx James
3521,Antonio Banderas
3522,Andrew Lincoln
3523,Alexandra Daddario
3524,Amy Ryan
3525,Annette Bening
3526,Andy Serkis
3527,AnnaSophia Robb
3528,Benicio Del Toro
3529,Bella Hadid
3530,Anna Kendrick
3531,Amy Schumer
3532,Bill Daley
3533,Andreea Diaconu
3534,Antonio Banderas
3535,Barbra Streisand
3536,Andy Serkis
3537,Amy Schumer
3538,Alice Eve
3539,Amy Ryan
3540,Alexis Thorpe
3541,Ben Foster
3542,Audrey Tautou
3543,Anna Sui
3544,Betty White
3545,Ashley Judd
3546,Alan Alda
3547,Benedict Cumberbatch
3548,Bill Rancic
3549,Betty White
3550,Ben Affleck
3551,Alicia Vikander
3552,Benicio Del Toro
3553,Abigail Breslin
3554,Alexis Thorpe
3555,Adrianne Palicki
3556,Akemi Darenogare
3557,Bette Midler
3558,Ben Kingsley
3559,Alan Arkin
3560,Anna Paquin
3561,Anthony Hopkins
3562,Billy Bob Thornton
3563,Annette Bening
3564,Amy Ryan
3565,Anna Kendrick
3566,Betty White
3567,Alessandra Ambrosio
3568,Bill Murray
3569,Anne Baxter
3570,Andrew Luck
3571,Berenice Bejo
3572,Anjelica Huston
3573,Anne Baxter
3574,Annette Bening
3575,Alicia Vikander
3576,Anne Hathaway
3577,Benicio Del Toro
3578,Alan Rickman
3579,Angela Bassett
3580,Beyonce Knowles
3581,Adriana Barraza
3582,Andrew Lincoln
3583,Bill Paxton
3584,Alice Eve
3585,Armin Mueller-Stahl
3586,Alan Rickman
3587,Ashley Greene
3588,Adele
3589,Aaron Paul
3590,Alex Pettyfer
3591,Alicia Vikander
3592,Alan Arkin
3593,Ashton Kutcher
3594,Andy Serkis
3595,Benicio Del Toro
3596,Andy Garcia
3597,Bill O Reilly
3598,Alessandra Ambrosio
3599,Adam Sandler
3600,Alessandra Ambrosio
3601,Alexander Skarsgard
3602,Ben Johnson
3603,Anna Sui
3604,Adrien Brody
3605,Bill Hader
3606,Adriana Barraza
3607,Abigail Breslin
3608,Anthony Hopkins
3609,Anjelica Huston
3610,Art Carney
3611,Andie MacDowell
3612,Anderson Cooper
3613,Bill Hader
3614,Bette Midler
3615,Ashley Judd
3616,Beyonce Knowles
3617,Alice Eve
3618,Betty White
3619,Anne Baxter
3620,Ben Foster
3621,Amanda Crew
3622,Amy Adams
3623,Betty White
3624,Alx James
3625,Anjelica Huston
3626,Bill Rancic
3627,Bill Rancic
3628,Alessandra Ambrosio
3629,Andie MacDowell
3630,Betty White
3631,Ben Stiller
3632,Anna Sui
3633,Amanda Seyfried
3634,Angelina Jolie
3635,Alec Baldwin
3636,Bernie Mac
3637,Barabara Palvin
3638,Anna Paquin
3639,Bill O Reilly
3640,Anna Sui
3641,Andrew Garfield
3642,Ben Stiller
3643,Anna Kendrick
3644,Amanda Peet
3645,Barbra Streisand
3646,Anthony Mackie
3647,Anne Hathaway
3648,Anna Friel
3649,Albert Brooks
3650,Art Carney
3651,Antonio Banderas
3652,Ben Kingsley
3653,Analeigh Tipton
3654,Anna Faris
3655,Anderson Cooper
3656,Antonio Banderas
3657,Alexis Thorpe
3658,Andrew Garfield
3659,Bette Midler
3660,Bill Rancic
3661,Anthony Perkins
3662,Aaron Taylor-Johnson
3663,Anne Baxter
3664,Bill Daley
3665,Albert Finney
3666,Adriana Barraza
3667,Amanda Bynes
3668,Bill Daley
3669,Al Roker
3670,Ava Gardner
3671,Amy Adams
3672,Audrey Tautou
3673,Art Carney
3674,Ali Larter
3675,Alx James
3676,AnnaSophia Robb
3677,Arnold Schwarzenegger
3678,Benicio Del Toro
3679,Andrew Luck
3680,Amanda Bynes
3681,Billy Bob Thornton
3682,Ali Larter
3683,Andy Garcia
3684,Andy Serkis
3685,Art Carney
3686,Bette Midler
3687,Ben Affleck
3688,Amy Adams
3689,Adele
3690,Bill Paxton
3691,Alice Eve
3692,Anna Sui
3693,Anthony Mackie
3694,Adrianne Palicki
3695,Barabara Palvin
3696,Bill Murray
3697,Benjamin Bratt
3698,Bill Murray
3699,Amanda Seyfried
3700,Andie MacDowell
3701,Andreea Diaconu
3702,Adrianne Palicki
3703,Anthony Mackie
3704,Ben Foster
3705,Anderson Cooper
3706,Anthony Hopkins
3707,Art Carney
3708,Ben Foster
3709,Barry Pepper
3710,Arnold Schwarzenegger
3711,Anderson Cooper
3712,Ben Stiller
3713,Ava Gardner
3714,Betty White
3715,Benedict Cumberbatch
3716,Ashley Graham
3717,Ashley Judd
3718,Alessandra Ambrosio
3719,Ben Affleck
3720,Ben Kingsley
3721,Ben Johnson
3722,Andie MacDowell
3723,Art Carney
3724,Anderson Cooper
3725,Anna Faris
3726,Albert Brooks
3727,Aaron Paul
3728,Aaron Judge
3729,Andy Garcia
3730,Bella Hadid
3731,Andrew Luck
3732,Amanda Crew
3733,Anna Friel
3734,Billy Bob Thornton
3735,Anthony Perkins
3736,Betty White
3737,Andreea Diaconu
3738,Anne Hathaway
3739,Ben Johnson
3740,Analeigh Tipton
3741,Ashley Judd
3742,Amber Heard
3743,Aaron Taylor-Johnson
3744,Anna Sui
3745,Ben Affleck
3746,Bella Hadid
3747,Andy Murray
3748,Amanda Seyfried
3749,Anna Faris
3750,Alx James
3751,Anderson Cooper
3752,Anna Sui
3753,Alan Arkin
3754,Angelina Jolie
3755,Bill Pullman
3756,Amanda Seyfried
3757,Aaron Judge
3758,Ashley Judd
3759,Amanda Peet
3760,Ben Affleck
3761,Beyonce Knowles
3762,Alan Alda
3763,Adriana Barraza
3764,Ashley Graham
3765,Anna Paquin
3766,Alan Alda
3767,Ben Affleck
3768,Ashley Greene
3769,Beyonce Knowles
3770,Anderson Cooper
3771,Alan Rickman
3772,Andrew Luck
3773,Bernie Mac
3774,Ben Affleck
3775,Armin Mueller-Stahl
3776,Anna Paquin
3777,Adrianne Palicki
3778,Anna Friel
3779,Anna Faris
3780,Amy Schumer
3781,Alexandra Daddario
3782,Abigail Breslin
3783,Ben Kingsley
3784,Andy Garcia
3785,Anne Bancroft
3786,Ashley Greene
3787,Alx James
3788,Bill Paxton
3789,Alexander Skarsgard
3790,Alan Arkin
3791,Alexis Thorpe
3792,Adam Sandler
3793,Adriana Lima
3794,Barry Pepper
3795,Ben Stiller
3796,Alan Rickman
3797,Andy Samberg
3798,Alan Rickman
3799,Billy Bob Thornton
3800,Barabara Palvin
3801,Amber Heard
3802,Benedict Cumberbatch
3803,Amy Schumer
3804,Benjamin Bratt
3805,Bill Hader
3806,Analeigh Tipton
3807,Amy Adams
3808,Amanda Peet
3809,Ashley Judd
3810,Akemi Darenogare
3811,Alec Baldwin
3812,Ben Affleck
3813,Bill O Reilly
3814,Adriana Barraza
3815,Ava Gardner
3816,Aaron Judge
3817,Amanda Seyfried
3818,Alec Baldwin
3819,Ben Kingsley
3820,Bill Hader
3821,Audrey Tautou
3822,Amanda Bynes
3823,Aaron Paul
3824,Anthony Mackie
3825,Andy Samberg
3826,Bette Midler
3827,Akemi Darenogare
3828,Anthony Mackie
3829,Anne Hathaway
3830,Ava Gardner
3831,Bernie Mac
3832,Alexander Skarsgard
3833,Alexandra Daddario
3834,Barry Pepper
3835,Bernie Mac
3836,Bill O Reilly
3837,Alessandra Ambrosio
3838,Bette Midler
3839,Arnold Schwarzenegger
3840,Andie MacDowell
3841,Amber Heard
3842,Ben Johnson
3843,Ben Affleck
3844,Ben Affleck
3845,Andreea Diaconu
3846,Ashton Kutcher
3847,Alex Pettyfer
3848,Audrey Hepburn
3849,Alexander Skarsgard
3850,Adam Sandler
3851,Amy Adams
3852,Anna Faris
3853,Barabara Palvin
3854,Anthony Mackie
3855,Ava Gardner
3856,Anthony Perkins
3857,Anna Sui
3858,Anne Bancroft
3859,Anna Faris
3860,AnnaSophia Robb
3861,Ali Larter
3862,Anna Paquin
3863,Alessandra Ambrosio
3864,Audrey Tautou
3865,Anthony Perkins
3866,Alec Baldwin
3867,Bill Murray
3868,Ben Stiller
3869,Anna Friel
3870,Andy Garcia
3871,Anna Sui
3872,Anderson Cooper
3873,Anna Kendrick
3874,bella thorne
3875,Beyonce Knowles
3876,Anna Sui
3877,Armin Mueller-Stahl
3878,Alan Alda
3879,Adrianne Palicki
3880,Alan Alda
3881,Adrianne Palicki
3882,Al Roker
3883,Anne Baxter
3884,Benicio Del Toro
3885,Abigail Breslin
3886,Alex Pettyfer
3887,Anne Bancroft
3888,Angelina Jolie
3889,Bill Hader
3890,Angelina Jolie
3891,Berenice Bejo
3892,Amber Heard
3893,Alexis Thorpe
3894,Amy Adams
3895,Ben Affleck
3896,Benicio Del Toro
3897,Arnold Schwarzenegger
3898,Adrien Brody
3899,Ben Johnson
3900,Berenice Bejo
3901,Andrew Garfield
3902,Andy Murray
3903,Alec Baldwin
3904,Bella Hadid
3905,Amy Schumer
3906,Bernie Mac
3907,Alessandra Ambrosio
3908,Benedict Cumberbatch
3909,Alexander Skarsgard
3910,Anthony Mackie
3911,Abigail Breslin
3912,Andie MacDowell
3913,Anna Kendrick
3914,Andy Samberg
3915,Anne Baxter
3916,Adriana Lima
3917,Anna Paquin
3918,Albert Brooks
3919,Andrew Luck
3920,Aaron Judge
3921,Adriana Lima
3922,Andy Garcia
3923,Ben Foster
3924,Billy Bob Thornton
3925,Alicia Vikander
3926,Al Pacino
3927,Alexander Skarsgard
3928,Anna Friel
3929,Alx James
3930,Adriana Barraza
3931,Anna Faris
3932,Alicia Vikander
3933,Anna Faris
3934,Ashley Greene
3935,Barbra Streisand
3936,Alan Arkin
3937,Ava Gardner
3938,Anthony Mackie
3939,Annette Bening
3940,Anderson Cooper
3941,Amy Schumer
3942,Audrey Hepburn
3943,Amy Adams
3944,Art Carney
3945,Alexander Skarsgard
3946,Bill O Reilly
3947,Alec Baldwin
3948,Ava Gardner
3949,Akemi Darenogare
3950,Bill Paxton
3951,Alessandra Ambrosio
3952,Benjamin Bratt
3953,Ben Kingsley
3954,Art Carney
3955,Alexander Skarsgard
3956,Andy Samberg
3957,Angela Bassett
3958,Ashley Greene
3959,Abigail Breslin
3960,Audrey Hepburn
3961,Art Carney
3962,Anthony Hopkins
3963,Ben Johnson
3964,Bella Hadid
3965,Albert Finney
3966,Berenice Bejo
3967,Anna Sui
3968,bella thorne
3969,Andy Garcia
3970,Berenice Bejo
3971,Barry Pepper
3972,Andy Serkis
3973,Amy Adams
3974,Bill Paxton
3975,Ben Stiller
3976,Bella Hadid
3977,Ben Johnson
3978,Anna Paquin
3979,Ben Affleck
3980,Alan Arkin
3981,AnnaSophia Robb
3982,Anjelica Huston
3983,Betty White
3984,Anna Faris
3985,Andy Serkis
3986,Aaron Taylor-Johnson
3987,Alan Rickman
3988,Alx James
3989,Alice Eve
3990,Alessandra Ambrosio
3991,Bette Midler
3992,Ben Kingsley
3993,Adele
3994,Betty White
3995,Ashley Judd
3996,Akemi Darenogare
3997,Anthony Mackie
3998,bella thorne
3999,Ali Larter
4000,Anna Paquin
4001,Amanda Peet
4002,Alan Alda
4003,Alx James
4004,Audrey Hepburn
4005,Adriana Barraza
4006,Analeigh Tipton
4007,Bill Murray
4008,Andy Murray
4009,Alexander Skarsgard
4010,Akemi Darenogare
4011,Adrien Brody
4012,Bernie Mac
4013,Anne Baxter
4014,Andrew Garfield
4015,Anthony Mackie
4016,Anna Paquin
4017,Barry Pepper
4018,Al Roker
4019,Ashley Judd
4020,Arnold Schwarzenegger
4021,Ben Johnson
4022,Anne Hathaway
4023,Anne Bancroft
4024,Anne Baxter
4025,Andy Murray
4026,Anjelica Huston
4027,Berenice Bejo
4028,Amanda Bynes
4029,Alex Pettyfer
4030,Ben Affleck
4031,Bill O Reilly
4032,Albert Finney
4033,Art Carney
4034,Alan Arkin
4035,Aaron Taylor-Johnson
4036,Andrew Luck
4037,Bill Pullman
4038,Anna Paquin
4039,Armin Mueller-Stahl
4040,Alexandra Daddario
4041,Alexis Thorpe
4042,Art Carney
4043,Anthony Mackie
4044,Anne Bancroft
4045,Art Carney
4046,Alx James
4047,Anthony Mackie
4048,Adam Sandler
4049,Audrey Hepburn
4050,Billy Bob Thornton
4051,Adrien Brody
4052,Anthony Hopkins
4053,Anna Friel
4054,Bill Paxton
4055,Alexandra Daddario
4056,Benjamin Bratt
4057,Albert Finney
4058,Al Pacino
4059,Bill Paxton
4060,Bill Daley
4061,Andy Garcia
4062,Ashton Kutcher
4063,Ashley Greene
4064,Art Carney
4065,Barry Pepper
4066,Al Pacino
4067,Bill Daley
4068,Billy Bob Thornton
4069,Anne Hathaway
4070,Anderson Cooper
4071,Barry Pepper
4072,Audrey Tautou
4073,Alan Arkin
4074,Andie MacDowell
4075,Amy Schumer
4076,Adriana Barraza
4077,Anna Faris
4078,Amber Heard
4079,Angelina Jolie
4080,Beyonce Knowles
4081,Bernie Mac
4082,Barabara Palvin
4083,Bill Paxton
4084,Anna Kendrick
4085,Ben Foster
4086,Barabara Palvin
4087,Anna Paquin
4088,Ashley Graham
4089,Alexandra Daddario
4090,Barry Pepper
4091,Barabara Palvin
4092,Alexander Skarsgard
4093,Ben Johnson
4094,Albert Brooks
4095,Bill Paxton
4096,Ashley Graham
4097,Andy Samberg
4098,Amber Heard
4099,Bill Paxton
4100,Alicia Vikander
4101,Anna Paquin
4102,Alan Alda
4103,Art Carney
4104,Bill O Reilly
4105,AnnaSophia Robb
4106,Andy Serkis
4107,Billy Bob Thornton
4108,Andy Garcia
4109,Aaron Paul
4110,Alx James
4111,Ava Gardner
4112,Arnold Schwarzenegger
4113,Barry Pepper
4114,Adriana Lima
4115,Adriana Lima
4116,Analeigh Tipton
4117,Al Roker
4118,Alicia Vikander
4119,Antonio Banderas
4120,Anne Hathaway
4121,Anna Kendrick
4122,Bill O Reilly
4123,Betty White
4124,Anna Sui
4125,Ashton Kutcher
4126,Andreea Diaconu
4127,Alan Alda
4128,Adele
4129,Alessandra Ambrosio
4130,Aaron Judge
4131,Andy Murray
4132,Alec Baldwin
4133,Amanda Crew
4134,Arnold Schwarzenegger
4135,Alexander Skarsgard
4136,Andy Murray
4137,Adriana Lima
4138,Ali Larter
4139,Barry Pepper
4140,Berenice Bejo
4141,Andrew Lincoln
4142,Al Roker
4143,Andy Garcia
4144,Adrien Brody
4145,AnnaSophia Robb
4146,Andrew Lincoln
4147,Betty White
4148,Andie MacDowell
4149,Amanda Peet
4150,Ava Gardner
4151,Barbra Streisand
4152,Alexandra Daddario
4153,Andy Murray
4154,bella thorne
4155,Alan Arkin
4156,bella thorne
4157,Adriana Lima
4158,Amanda Bynes
4159,Alessandra Ambrosio
4160,Andreea Diaconu
4161,Amber Heard
4162,Anna Faris
4163,Audrey Hepburn
4164,Bette Midler
4165,Ashley Graham
4166,Andy Garcia
4167,Alx James
4168,Audrey Hepburn
4169,Angelina Jolie
4170,Bette Midler
4171,Anna Faris
4172,AnnaSophia Robb
4173,Ben Kingsley
4174,Ashley Judd
4175,Bill Hader
4176,Bella Hadid
4177,Alan Rickman
4178,Barbra Streisand
4179,Barry Pepper
4180,Berenice Bejo
4181,Andy Garcia
4182,Ali Larter
4183,Anna Friel
4184,Ashley Greene
4185,Bill Paxton
4186,Audrey Hepburn
4187,Barabara Palvin
4188,Alan Arkin
4189,Alexandra Daddario
4190,Ben Johnson
4191,Alexis Thorpe
4192,Bette Midler
4193,Ashley Greene
4194,Annette Bening
4195,Alexandra Daddario
4196,Anthony Mackie
4197,Ben Kingsley
4198,Aaron Taylor-Johnson
4199,Alexandra Daddario
4200,Benedict Cumberbatch
4201,Betty White
4202,Alexander Skarsgard
4203,Berenice Bejo
4204,Bernie Mac
4205,Betty White
4206,Ashley Judd
4207,Anthony Hopkins
4208,Bill Rancic
4209,Bill Murray
4210,Arnold Schwarzenegger
4211,Anthony Hopkins
4212,Bill Hader
4213,Amanda Crew
4214,Ashley Graham
4215,Ben Affleck
4216,Aaron Taylor-Johnson
4217,Amanda Seyfried
4218,Barbra Streisand
4219,Angela Bassett
4220,Alessandra Ambrosio
4221,Bernie Mac
4222,Adriana Barraza
4223,Alan Rickman
4224,Billy Bob Thornton
4225,Bernie Mac
4226,Abigail Breslin
4227,Anjelica Huston
4228,Alexandra Daddario
4229,Anna Paquin
4230,Ali Larter
4231,Ben Affleck
4232,Ben Affleck
4233,Barbra Streisand
4234,Andy Serkis
4235,Arnold Schwarzenegger
4236,Andy Samberg
4237,Alx James
4238,Alicia Vikander
4239,Anthony Hopkins
4240,Bill Rancic
4241,Alan Arkin
4242,Billy Bob Thornton
4243,Barabara Palvin
4244,Beyonce Knowles
4245,Amanda Peet
4246,Andie MacDowell
4247,Anderson Cooper
4248,Ben Foster
4249,Anjelica Huston
4250,Al Roker
4251,Andy Murray
4252,Anderson Cooper
4253,Barry Pepper
4254,Anna Paquin
4255,Art Carney
4256,Akemi Darenogare
4257,Ben Johnson
4258,Anthony Hopkins
4259,Annette Bening
4260,Beyonce Knowles
4261,Bernie Mac
4262,Benjamin Bratt
4263,Anthony Perkins
4264,Annette Bening
4265,Arnold Schwarzenegger
4266,Ben Johnson
4267,Anna Sui
4268,AnnaSophia Robb
4269,Andy Garcia
4270,Bill Hader
4271,Amy Adams
4272,Angela Bassett
4273,Anna Faris
4274,Adriana Barraza
4275,Andy Garcia
4276,Betty White
4277,Barbra Streisand
4278,Ashley Judd
4279,Bernie Mac
4280,Aaron Taylor-Johnson
4281,Ali Larter
4282,Benjamin Bratt
4283,Anderson Cooper
4284,Adriana Barraza
4285,Ben Foster
4286,Adam Sandler
4287,Bill Pullman
4288,Adele
4289,Alx James
4290,Ben Affleck
4291,Angelina Jolie
4292,Ben Johnson
4293,Anna Faris
4294,Anthony Mackie
4295,Alx James
4296,Barbra Streisand
4297,Bill O Reilly
4298,Benedict Cumberbatch
4299,Anjelica Huston
4300,Anne Bancroft
4301,Andrew Garfield
4302,Andy Samberg
4303,Alx James
4304,Bill Paxton
4305,Angela Bassett
4306,Anthony Perkins
4307,Alicia Vikander
4308,Barabara Palvin
4309,Anthony Mackie
4310,Ashley Graham
4311,Bella Hadid
4312,Alex Pettyfer
4313,Anne Baxter
4314,Ali Larter
4315,Al Roker
4316,Andrew Garfield
4317,Aaron Judge
4318,Alx James
4319,Ben Kingsley
4320,Ben Stiller
4321,Audrey Hepburn
4322,Andy Murray
4323,Alx James
4324,Ashley Judd
4325,Bill Murray
4326,Aaron Paul
4327,Anna Kendrick
4328,Andrew Luck
4329,Adam Sandler
4330,Al Roker
4331,Benjamin Bratt
4332,Anne Hathaway
4333,Bernie Mac
4334,Anna Friel
4335,Anna Paquin
4336,Adam Sandler
4337,Anderson Cooper
4338,Anthony Hopkins
4339,Alexis Thorpe
4340,Alexis Thorpe
4341,Alec Baldwin
4342,Alex Pettyfer
4343,Ben Foster
4344,Andy Garcia
4345,Andy Serkis
4346,Alex Pettyfer
4347,Ashley Greene
4348,Akemi Darenogare
4349,Alex Pettyfer
4350,Ben Johnson
4351,Betty White
4352,Ben Affleck
4353,Bill Rancic
4354,Audrey Hepburn
4355,Bill Hader
4356,Beyonce Knowles
4357,Ben Stiller
4358,Ava Gardner
4359,Adrien Brody
4360,Ben Stiller
4361,Alexandra Daddario
4362,Armin Mueller-Stahl
4363,Billy Bob Thornton
4364,Amanda Crew
4365,Anderson Cooper
4366,Alan Alda
4367,Barabara Palvin
4368,Andy Samberg
4369,Anjelica Huston
4370,Bill Rancic
4371,Ashley Greene
4372,Bill Hader
4373,Amanda Bynes
4374,Alan Rickman
4375,Bill Rancic
4376,Aaron Taylor-Johnson
4377,AnnaSophia Robb
4378,Amy Schumer
4379,Angelina Jolie
4380,Alx James
4381,Ashley Greene
4382,Ben Johnson
4383,Anne Hathaway
4384,Beyonce Knowles
4385,Anjelica Huston
4386,Andrew Lincoln
4387,Anna Paquin
4388,Al Pacino
4389,Bill Hader
4390,Anna Sui
4391,Bernie Mac
4392,Adrianne Palicki
4393,Benedict Cumberbatch
4394,Amy Adams
4395,Anthony Hopkins
4396,Adrien Brody
4397,Amy Ryan
4398,Aaron Judge
4399,Adrianne Palicki
4400,Barbra Streisand
4401,Anne Bancroft
4402,Billy Bob Thornton
4403,Amanda Peet
4404,Betty White
4405,Alexandra Daddario
4406,Anna Faris
4407,Alan Arkin
4408,Barabara Palvin
4409,Aaron Paul
4410,Amber Heard
4411,AnnaSophia Robb
4412,Ben Affleck
4413,Amy Adams
4414,Alexandra Daddario
4415,Adrien Brody
4416,Amy Schumer
4417,Ali Larter
4418,Andie MacDowell
4419,Adam Sandler
4420,Alex Pettyfer
4421,Ben Kingsley
4422,Bill Hader
4423,Ben Kingsley
4424,Ashton Kutcher
4425,Amanda Seyfried
4426,Amanda Bynes
4427,Andreea Diaconu
4428,Andreea Diaconu
4429,Andrew Garfield
4430,Ava Gardner
4431,Andy Murray
4432,Al Roker
4433,Alec Baldwin
4434,Anderson Cooper
4435,Anderson Cooper
4436,Arnold Schwarzenegger
4437,Al Roker
4438,Billy Bob Thornton
4439,Ava Gardner
4440,Berenice Bejo
4441,Ashley Greene
4442,Berenice Bejo
4443,Andrew Luck
4444,Akemi Darenogare
4445,Bill O Reilly
4446,Anthony Hopkins
4447,Ali Larter
4448,Ben Affleck
4449,Audrey Tautou
4450,Benicio Del Toro
4451,Armin Mueller-Stahl
4452,Armin Mueller-Stahl
4453,Abigail Breslin
4454,Ashley Judd
4455,Anna Paquin
4456,AnnaSophia Robb
4457,Berenice Bejo
4458,Adriana Lima
4459,Bette Midler
4460,Ashley Judd
4461,Barbra Streisand
4462,Ben Johnson
4463,Anthony Perkins
4464,Ashton Kutcher
4465,Alan Alda
4466,Arnold Schwarzenegger
4467,Amanda Bynes
4468,Ashton Kutcher
4469,Al Roker
4470,Ashley Greene
4471,Al Pacino
4472,Andrew Garfield
4473,Ashley Graham
4474,Bill Rancic
4475,Anjelica Huston
4476,Andy Samberg
4477,Aaron Paul
4478,Akemi Darenogare
4479,Bill Pullman
4480,Bill Hader
4481,Bernie Mac
4482,Andy Samberg
4483,Alan Rickman
4484,Arnold Schwarzenegger
4485,Barabara Palvin
4486,Ashley Greene
4487,bella thorne
4488,Andrew Lincoln
4489,Amanda Bynes
4490,Albert Finney
4491,Andy Garcia
4492,Andy Samberg
4493,Ashley Graham
4494,Ava Gardner
4495,Adam Sandler
4496,Albert Finney
4497,Ali Larter
4498,Adele
4499,Adele
4500,Bill Hader
4501,Abigail Breslin
4502,Al Pacino
4503,Ben Kingsley
4504,Anjelica Huston
4505,Ashley Graham
4506,Alan Arkin
4507,Audrey Tautou
4508,Andrew Luck
4509,Alicia Vikander
4510,Alicia Vikander
4511,Audrey Hepburn
4512,Billy Bob Thornton
4513,Andy Garcia
4514,Ali Larter
4515,Ashley Graham
4516,Anderson Cooper
4517,Albert Brooks
4518,Andie MacDowell
4519,Angela Bassett
4520,Ashley Judd
4521,Aaron Taylor-Johnson
4522,Ben Johnson
4523,Andy Murray
4524,Amber Heard
4525,Adele
4526,Ava Gardner
4527,Bella Hadid
4528,Alessandra Ambrosio
4529,Andy Garcia
4530,Adrien Brody
4531,Amanda Peet
4532,Beyonce Knowles
4533,Analeigh Tipton
4534,Aaron Taylor-Johnson
4535,Adrien Brody
4536,Andrew Luck
4537,Ben Affleck
4538,Anthony Hopkins
4539,Amanda Crew
4540,AnnaSophia Robb
4541,Ashley Graham
4542,Ashley Judd
4543,Ben Johnson
4544,Barry Pepper
4545,Albert Finney
4546,Bette Midler
4547,Amanda Seyfried
4548,Andy Samberg
4549,bella thorne
4550,Audrey Tautou
4551,Anna Sui
4552,Amanda Peet
4553,Barry Pepper
4554,Betty White
4555,Bella Hadid
4556,Audrey Hepburn
4557,Bernie Mac
4558,Andrew Lincoln
4559,Bella Hadid
4560,Ashley Greene
4561,Barabara Palvin
4562,Amanda Bynes
4563,Amy Schumer
4564,Al Roker
4565,Audrey Hepburn
4566,Benicio Del Toro
4567,Akemi Darenogare
4568,Albert Finney
4569,Bette Midler
4570,Amy Ryan
4571,Akemi Darenogare
4572,Alessandra Ambrosio
4573,Bernie Mac
4574,Andy Serkis
4575,Alexander Skarsgard
4576,Analeigh Tipton
4577,Betty White
4578,Aaron Judge
4579,Ashley Graham
4580,Andy Garcia
4581,Alice Eve
4582,Barbra Streisand
4583,Berenice Bejo
4584,Alice Eve
4585,Amy Adams
4586,Angelina Jolie
4587,Adriana Barraza
4588,Ali Larter
4589,Ava Gardner
4590,Anthony Hopkins
4591,Ben Johnson
4592,Alec Baldwin
4593,Alx James
4594,Amanda Seyfried
4595,Ashley Judd
4596,Alx James
4597,Adele
4598,Analeigh Tipton
4599,Adam Sandler
4600,Alx James
4601,Aaron Paul
4602,Anjelica Huston
4603,Akemi Darenogare
4604,Anne Hathaway
4605,Adrien Brody
4606,Amanda Seyfried
4607,Andrew Lincoln
4608,Anjelica Huston
4609,Amy Schumer
4610,Anna Sui
4611,Betty White
4612,Alicia Vikander
4613,Albert Brooks
4614,Benedict Cumberbatch
4615,Alexander Skarsgard
4616,Adrien Brody
4617,Ali Larter
4618,Anjelica Huston
4619,Betty White
4620,Angelina Jolie
4621,Aaron Judge
4622,Ali Larter
4623,Anthony Mackie
4624,Audrey Tautou
4625,Bill Daley
4626,Anna Sui
4627,Adriana Lima
4628,Angelina Jolie
4629,Andrew Luck
4630,Bill Pullman
4631,Angela Bassett
4632,Audrey Tautou
4633,Anna Paquin
4634,Anjelica Huston
4635,Anna Faris
4636,Art Carney
4637,Ashley Greene
4638,Ben Foster
4639,Ava Gardner
4640,Aaron Judge
4641,Alan Rickman
4642,Audrey Tautou
4643,Aaron Taylor-Johnson
4644,Anna Faris
4645,Ali Larter
4646,Beyonce Knowles
4647,Antonio Banderas
4648,Benedict Cumberbatch
4649,Ashley Greene
4650,Art Carney
4651,Anna Sui
4652,Aaron Taylor-Johnson
4653,Barabara Palvin
4654,Anthony Hopkins
4655,Bill Daley
4656,Anna Sui
4657,Berenice Bejo
4658,Ben Kingsley
4659,Amy Ryan
4660,Anne Hathaway
4661,Andie MacDowell
4662,Adrien Brody
4663,Anna Sui
4664,Anne Bancroft
4665,Andy Samberg
4666,Barry Pepper
4667,Ashton Kutcher
4668,Aaron Taylor-Johnson
4669,Alan Rickman
4670,Alexis Thorpe
4671,Ali Larter
4672,Annette Bening
4673,Adrianne Palicki
4674,Amanda Seyfried
4675,Bill Daley
4676,Albert Brooks
4677,Adam Sandler
4678,Beyonce Knowles
4679,Angelina Jolie
4680,Anthony Hopkins
4681,Andreea Diaconu
4682,Amanda Seyfried
4683,Adriana Lima
4684,Anna Paquin
4685,Alan Arkin
4686,Berenice Bejo
4687,Bella Hadid
4688,Berenice Bejo
4689,Adriana Lima
4690,Adrianne Palicki
4691,Amanda Peet
4692,Alan Rickman
4693,Anthony Hopkins
4694,Andrew Lincoln
4695,Berenice Bejo
4696,Alan Rickman
4697,Ben Kingsley
4698,Bill Daley
4699,Amanda Crew
4700,Bill Murray
4701,Alan Rickman
4702,Amanda Crew
4703,Ava Gardner
4704,Audrey Hepburn
4705,bella thorne
4706,Adriana Lima
4707,Al Pacino
4708,Alex Pettyfer
4709,Audrey Hepburn
4710,Anna Kendrick
4711,Abigail Breslin
4712,Bill Paxton
4713,Al Roker
4714,AnnaSophia Robb
4715,Analeigh Tipton
4716,Betty White
4717,Andie MacDowell
4718,Benedict Cumberbatch
4719,Betty White
4720,Betty White
4721,Ava Gardner
4722,Bill Rancic
4723,Anthony Hopkins
4724,Berenice Bejo
4725,Analeigh Tipton
4726,Albert Brooks
4727,Adriana Barraza
4728,Armin Mueller-Stahl
4729,Ben Johnson
4730,Benedict Cumberbatch
4731,Berenice Bejo
4732,AnnaSophia Robb
4733,Anna Friel
4734,Barry Pepper
4735,Ava Gardner
4736,Ben Affleck
4737,Adriana Lima
4738,Alessandra Ambrosio
4739,Analeigh Tipton
4740,Berenice Bejo
4741,Andy Garcia
4742,Alan Arkin
4743,Annette Bening
4744,Andrew Garfield
4745,Alessandra Ambrosio
4746,Bernie Mac
4747,Barabara Palvin
4748,Andrew Lincoln
4749,Ben Stiller
4750,Adele
4751,Bernie Mac
4752,Bill Murray
4753,Anna Kendrick
4754,Alx James
4755,Bill Rancic
4756,Bill Paxton
4757,Ben Johnson
4758,Anne Baxter
4759,Amanda Seyfried
4760,Alex Pettyfer
4761,Barbra Streisand
4762,Armin Mueller-Stahl
4763,Andreea Diaconu
4764,Abigail Breslin
4765,Anna Paquin
4766,Ben Stiller
4767,Ashton Kutcher
4768,Anna Friel
4769,Anthony Perkins
4770,Adrien Brody
4771,Adriana Barraza
4772,Adrien Brody
4773,Anna Paquin
4774,Adrianne Palicki
4775,Albert Finney
4776,Akemi Darenogare
4777,Ben Foster
4778,Ben Johnson
4779,Alexander Skarsgard
4780,Amy Adams
4781,Ava Gardner
4782,Adriana Barraza
4783,Alx James
4784,Ben Foster
4785,Ali Larter
4786,Alicia Vikander
4787,Amy Ryan
4788,Alan Rickman
4789,Amber Heard
4790,Alexander Skarsgard
4791,Ashley Graham
4792,Alicia Vikander
4793,Barry Pepper
4794,Ashley Greene
4795,Adrien Brody
4796,Benedict Cumberbatch
4797,Aaron Judge
4798,Anna Sui
4799,bella thorne
4800,Andie MacDowell
4801,Ashton Kutcher
4802,Amanda Seyfried
4803,Ava Gardner
4804,Anna Sui
4805,Ben Affleck
4806,Ashley Greene
4807,Alan Arkin
4808,AnnaSophia Robb
4809,Audrey Tautou
4810,Andrew Luck
4811,Anna Faris
4812,Bill Hader
4813,Anne Baxter
4814,Beyonce Knowles
4815,Angela Bassett
4816,Ashley Graham
4817,Bella Hadid
4818,Andy Samberg
4819,Bella Hadid
4820,Bill Pullman
4821,Anna Friel
4822,Alice Eve
4823,Andy Murray
4824,Antonio Banderas
4825,Amanda Peet
4826,Audrey Hepburn
4827,Ben Stiller
4828,Bill Daley
4829,Annette Bening
4830,Albert Finney
4831,Adam Sandler
4832,Alexandra Daddario
4833,bella thorne
4834,Anna Kendrick
4835,Ashley Judd
4836,Akemi Darenogare
4837,Barbra Streisand
4838,Adrien Brody
4839,Anna Friel
4840,Aaron Paul
4841,Anne Baxter
4842,Bill Pullman
4843,Ben Foster
4844,Abigail Breslin
4845,Bernie Mac
4846,Anna Friel
4847,Anne Baxter
4848,Aaron Judge
4849,Alx James
4850,Arnold Schwarzenegger
4851,Armin Mueller-Stahl
4852,Benicio Del Toro
4853,Alan Rickman
4854,Anna Sui
4855,Betty White
4856,Alexandra Daddario
4857,Al Roker
4858,Bill Hader
4859,Amber Heard
4860,Alexander Skarsgard
4861,Ben Foster
4862,Andrew Garfield
4863,Barbra Streisand
4864,Amy Ryan
4865,Bill Paxton
4866,Anna Paquin
4867,Andie MacDowell
4868,Anna Sui
4869,Anne Baxter
4870,Alicia Vikander
4871,Arnold Schwarzenegger
4872,Bella Hadid
4873,Alicia Vikander
4874,Alx James
4875,Alicia Vikander
4876,Adriana Lima
4877,Adriana Lima
4878,Anna Sui
4879,Armin Mueller-Stahl
4880,Abigail Breslin
4881,Ben Affleck
4882,Alice Eve
4883,Alexander Skarsgard
4884,Amy Adams
4885,Andrew Lincoln
4886,Amy Ryan
4887,Alexis Thorpe
4888,Andreea Diaconu
4889,Alessandra Ambrosio
4890,Aaron Paul
4891,Ben Johnson
4892,Antonio Banderas
4893,Andy Garcia
4894,Anna Paquin
4895,Bernie Mac
4896,Amanda Bynes
4897,Barbra Streisand
4898,Adriana Barraza
4899,Anthony Mackie
4900,Aaron Paul
4901,Audrey Hepburn
4902,Beyonce Knowles
4903,Anna Sui
4904,Bill O Reilly
4905,Bill Rancic
4906,Bill Rancic
4907,Al Pacino
4908,Al Roker
4909,Bella Hadid
4910,Audrey Hepburn
4911,Andrew Luck
4912,Benicio Del Toro
4913,Ashley Greene
4914,Ben Affleck
4915,Adriana Barraza
4916,Amy Schumer
4917,Amanda Crew
4918,Ben Johnson
4919,Aaron Taylor-Johnson
4920,Betty White
4921,Amy Ryan
4922,Bella Hadid
4923,Albert Brooks
4924,Bill O Reilly
4925,Ava Gardner
4926,Alessandra Ambrosio
4927,Audrey Hepburn
4928,Bill O Reilly
4929,Barbra Streisand
4930,Ashton Kutcher
4931,Anna Sui
4932,Ben Affleck
4933,Angela Bassett
4934,Al Pacino
4935,Bill Pullman
4936,Bill Daley
4937,Arnold Schwarzenegger
4938,Angelina Jolie
4939,Al Roker
4940,Ashley Judd
4941,Anna Faris
4942,Anne Baxter
4943,Ashley Graham
4944,Al Pacino
4945,Ashley Judd
4946,Angela Bassett
4947,Anjelica Huston
4948,Alexander Skarsgard
4949,Amy Ryan
4950,Barry Pepper
4951,Bill Daley
4952,Anna Faris
4953,Alec Baldwin
4954,Anjelica Huston
4955,Albert Finney
4956,Ashton Kutcher
4957,Alexander Skarsgard
4958,Bill Murray
4959,Amanda Bynes
4960,Anjelica Huston
4961,Beyonce Knowles
4962,Alec Baldwin
4963,Al Pacino
4964,Anne Bancroft
4965,Alan Arkin
4966,Andrew Lincoln
4967,Art Carney
4968,Alex Pettyfer
4969,Bill Pullman
4970,Analeigh Tipton
4971,Amber Heard
4972,Barabara Palvin
4973,Amanda Bynes
4974,Bill Hader
4975,Amanda Crew
4976,bella thorne
